threshold,recallSensitivity,specificity,precision,f1,accuracy,balancedAccuracy,negativePredictiveValue,tn,fp,fn,tp,auroc,auprc,brier,ece
0.0,1.0,0.0,0.5470308686903284,0.7072009741517683,0.5470308686903284,0.5,,0,74060,0,89439,0.8585310332416014,0.8735997872319208,0.15257531756726536,0.014581453209153465
0.001,1.0,6.751282743721307e-05,0.5470475980769937,0.7072149541578204,0.5470614499171249,0.5000337564137186,1.0,5,74055,0,89439,0.8585310332416014,0.8735997872319208,0.15257531756726536,0.014581453209153465
0.002,1.0,6.751282743721307e-05,0.5470475980769937,0.7072149541578204,0.5470614499171249,0.5000337564137186,1.0,5,74055,0,89439,0.8585310332416014,0.8735997872319208,0.15257531756726536,0.014581453209153465
0.003,1.0,0.0002025384823116392,0.5470810599202368,0.7072429158281375,0.5471226123707179,0.5001012692411558,1.0,15,74045,0,89439,0.8585310332416014,0.8735997872319208,0.15257531756726536,0.014581453209153465
0.004,1.0,0.0002025384823116392,0.5470810599202368,0.7072429158281375,0.5471226123707179,0.5001012692411558,1.0,15,74045,0,89439,0.8585310332416014,0.8735997872319208,0.15257531756726536,0.014581453209153465
0.005,1.0,0.0002025384823116392,0.5470810599202368,0.7072429158281375,0.5471226123707179,0.5001012692411558,1.0,15,74045,0,89439,0.8585310332416014,0.8735997872319208,0.15257531756726536,0.014581453209153465
0.006,1.0,0.0002025384823116392,0.5470810599202368,0.7072429158281375,0.5471226123707179,0.5001012692411558,1.0,15,74045,0,89439,0.8585310332416014,0.8735997872319208,0.15257531756726536,0.014581453209153465
0.007,1.0,0.0002025384823116392,0.5470810599202368,0.7072429158281375,0.5471226123707179,0.5001012692411558,1.0,15,74045,0,89439,0.8585310332416014,0.8735997872319208,0.15257531756726536,0.014581453209153465
0.008,1.0,0.0002025384823116392,0.5470810599202368,0.7072429158281375,0.5471226123707179,0.5001012692411558,1.0,15,74045,0,89439,0.8585310332416014,0.8735997872319208,0.15257531756726536,0.014581453209153465
0.009,1.0,0.0002025384823116392,0.5470810599202368,0.7072429158281375,0.5471226123707179,0.5001012692411558,1.0,15,74045,0,89439,0.8585310332416014,0.8735997872319208,0.15257531756726536,0.014581453209153465
0.01,1.0,0.0002025384823116392,0.5470810599202368,0.7072429158281375,0.5471226123707179,0.5001012692411558,1.0,15,74045,0,89439,0.8585310332416014,0.8735997872319208,0.15257531756726536,0.014581453209153465
0.011,1.0,0.0002025384823116392,0.5470810599202368,0.7072429158281375,0.5471226123707179,0.5001012692411558,1.0,15,74045,0,89439,0.8585310332416014,0.8735997872319208,0.15257531756726536,0.014581453209153465
0.012,1.0,0.0002025384823116392,0.5470810599202368,0.7072429158281375,0.5471226123707179,0.5001012692411558,1.0,15,74045,0,89439,0.8585310332416014,0.8735997872319208,0.15257531756726536,0.014581453209153465
0.013,1.0,0.0002025384823116392,0.5470810599202368,0.7072429158281375,0.5471226123707179,0.5001012692411558,1.0,15,74045,0,89439,0.8585310332416014,0.8735997872319208,0.15257531756726536,0.014581453209153465
0.014,1.0,0.0002025384823116392,0.5470810599202368,0.7072429158281375,0.5471226123707179,0.5001012692411558,1.0,15,74045,0,89439,0.8585310332416014,0.8735997872319208,0.15257531756726536,0.014581453209153465
0.015,1.0,0.0006211180124223603,0.5471848176540045,0.7073296110592664,0.5473122159768561,0.5003105590062111,1.0,46,74014,0,89439,0.8585310332416014,0.8735997872319208,0.15257531756726536,0.014581453209153465
0.016,1.0,0.0006211180124223603,0.5471848176540045,0.7073296110592664,0.5473122159768561,0.5003105590062111,1.0,46,74014,0,89439,0.8585310332416014,0.8735997872319208,0.15257531756726536,0.014581453209153465
0.017,0.9999776383904113,0.001053200108020524,0.5472864232433193,0.7074089014387521,0.5474957033376351,0.5005154192492159,0.975,78,73982,2,89437,0.8585310332416014,0.8735997872319208,0.15257531756726536,0.014581453209153465
0.018,0.9999776383904113,0.001053200108020524,0.5472864232433193,0.7074089014387521,0.5474957033376351,0.5005154192492159,0.975,78,73982,2,89437,0.8585310332416014,0.8735997872319208,0.15257531756726536,0.014581453209153465
0.019,0.9999776383904113,0.001053200108020524,0.5472864232433193,0.7074089014387521,0.5474957033376351,0.5005154192492159,0.975,78,73982,2,89437,0.8585310332416014,0.8735997872319208,0.15257531756726536,0.014581453209153465
0.02,0.9999776383904113,0.001053200108020524,0.5472864232433193,0.7074089014387521,0.5474957033376351,0.5005154192492159,0.975,78,73982,2,89437,0.8585310332416014,0.8735997872319208,0.15257531756726536,0.014581453209153465
0.021,0.9999776383904113,0.001053200108020524,0.5472864232433193,0.7074089014387521,0.5474957033376351,0.5005154192492159,0.975,78,73982,2,89437,0.8585310332416014,0.8735997872319208,0.15257531756726536,0.014581453209153465
0.022,0.9999776383904113,0.001053200108020524,0.5472864232433193,0.7074089014387521,0.5474957033376351,0.5005154192492159,0.975,78,73982,2,89437,0.8585310332416014,0.8735997872319208,0.15257531756726536,0.014581453209153465
0.023,0.999966457585617,0.002133405347015933,0.5475517026044154,0.7076276718214078,0.5479788867210197,0.5010499314663165,0.9813664596273292,158,73902,3,89436,0.8585310332416014,0.8735997872319208,0.15257531756726536,0.014581453209153465
0.024,0.999966457585617,0.002133405347015933,0.5475517026044154,0.7076276718214078,0.5479788867210197,0.5010499314663165,0.9813664596273292,158,73902,3,89436,0.8585310332416014,0.8735997872319208,0.15257531756726536,0.014581453209153465
0.025,0.999966457585617,0.002133405347015933,0.5475517026044154,0.7076276718214078,0.5479788867210197,0.5010499314663165,0.9813664596273292,158,73902,3,89436,0.8585310332416014,0.8735997872319208,0.15257531756726536,0.014581453209153465
0.026,0.999966457585617,0.002133405347015933,0.5475517026044154,0.7076276718214078,0.5479788867210197,0.5010499314663165,0.9813664596273292,158,73902,3,89436,0.8585310332416014,0.8735997872319208,0.15257531756726536,0.014581453209153465
0.027,0.999966457585617,0.002133405347015933,0.5475517026044154,0.7076276718214078,0.5479788867210197,0.5010499314663165,0.9813664596273292,158,73902,3,89436,0.8585310332416014,0.8735997872319208,0.15257531756726536,0.014581453209153465
0.028,0.999966457585617,0.002133405347015933,0.5475517026044154,0.7076276718214078,0.5479788867210197,0.5010499314663165,0.9813664596273292,158,73902,3,89436,0.8585310332416014,0.8735997872319208,0.15257531756726536,0.014581453209153465
0.029,0.999966457585617,0.002133405347015933,0.5475517026044154,0.7076276718214078,0.5479788867210197,0.5010499314663165,0.9813664596273292,158,73902,3,89436,0.8585310332416014,0.8735997872319208,0.15257531756726536,0.014581453209153465
0.03,0.9997316606849361,0.008655144477450716,0.5491175061719297,0.7088749093244223,0.5508045920770157,0.5041934025811934,0.9639097744360903,641,73419,24,89415,0.8585310332416014,0.8735997872319208,0.15257531756726536,0.014581453209153465
0.031,0.9997316606849361,0.008655144477450716,0.5491175061719297,0.7088749093244223,0.5508045920770157,0.5041934025811934,0.9639097744360903,641,73419,24,89415,0.8585310332416014,0.8735997872319208,0.15257531756726536,0.014581453209153465
0.032,0.9997316606849361,0.008655144477450716,0.5491175061719297,0.7088749093244223,0.5508045920770157,0.5041934025811934,0.9639097744360903,641,73419,24,89415,0.8585310332416014,0.8735997872319208,0.15257531756726536,0.014581453209153465
0.033,0.9997316606849361,0.008655144477450716,0.5491175061719297,0.7088749093244223,0.5508045920770157,0.5041934025811934,0.9639097744360903,641,73419,24,89415,0.8585310332416014,0.8735997872319208,0.15257531756726536,0.014581453209153465
0.034,0.9997316606849361,0.008655144477450716,0.5491175061719297,0.7088749093244223,0.5508045920770157,0.5041934025811934,0.9639097744360903,641,73419,24,89415,0.8585310332416014,0.8735997872319208,0.15257531756726536,0.014581453209153465
0.035,0.9997316606849361,0.008668647042938158,0.5491208784460152,0.7088777192871186,0.5508107083223751,0.5042001538639371,0.963963963963964,642,73418,24,89415,0.8585310332416014,0.8735997872319208,0.15257531756726536,0.014581453209153465
0.036,0.9996981182705531,0.010167431812044289,0.5494871526988243,0.7091744065228943,0.5514712628211793,0.5049327750412987,0.9653846153846154,753,73307,27,89412,0.8585310332416014,0.8735997872319208,0.15257531756726536,0.014581453209153465
0.037,0.9996981182705531,0.010167431812044289,0.5494871526988243,0.7091744065228943,0.5514712628211793,0.5049327750412987,0.9653846153846154,753,73307,27,89412,0.8585310332416014,0.8735997872319208,0.15257531756726536,0.014581453209153465
0.038,0.9996981182705531,0.010167431812044289,0.5494871526988243,0.7091744065228943,0.5514712628211793,0.5049327750412987,0.9653846153846154,753,73307,27,89412,0.8585310332416014,0.8735997872319208,0.15257531756726536,0.014581453209153465
0.039,0.9996981182705531,0.010167431812044289,0.5494871526988243,0.7091744065228943,0.5514712628211793,0.5049327750412987,0.9653846153846154,753,73307,27,89412,0.8585310332416014,0.8735997872319208,0.15257531756726536,0.014581453209153465
0.04,0.9996981182705531,0.010167431812044289,0.5494871526988243,0.7091744065228943,0.5514712628211793,0.5049327750412987,0.9653846153846154,753,73307,27,89412,0.8585310332416014,0.8735997872319208,0.15257531756726536,0.014581453209153465
0.041,0.9996981182705531,0.010167431812044289,0.5494871526988243,0.7091744065228943,0.5514712628211793,0.5049327750412987,0.9653846153846154,753,73307,27,89412,0.8585310332416014,0.8735997872319208,0.15257531756726536,0.014581453209153465
0.042,0.9996981182705531,0.010167431812044289,0.5494871526988243,0.7091744065228943,0.5514712628211793,0.5049327750412987,0.9653846153846154,753,73307,27,89412,0.8585310332416014,0.8735997872319208,0.15257531756726536,0.014581453209153465
0.043,0.9996981182705531,0.010167431812044289,0.5494871526988243,0.7091744065228943,0.5514712628211793,0.5049327750412987,0.9653846153846154,753,73307,27,89412,0.8585310332416014,0.8735997872319208,0.15257531756726536,0.014581453209153465
0.044,0.9996981182705531,0.010167431812044289,0.5494871526988243,0.7091744065228943,0.5514712628211793,0.5049327750412987,0.9653846153846154,753,73307,27,89412,0.8585310332416014,0.8735997872319208,0.15257531756726536,0.014581453209153465
0.045,0.9987924730822124,0.03193356737780178,0.554761342888726,0.7133212225261015,0.5608352344662658,0.5153630202300071,0.9563283461382935,2365,71695,108,89331,0.8585310332416014,0.8735997872319208,0.15257531756726536,0.014581453209153465
0.046,0.9987924730822124,0.03193356737780178,0.554761342888726,0.7133212225261015,0.5608352344662658,0.5153630202300071,0.9563283461382935,2365,71695,108,89331,0.8585310332416014,0.8735997872319208,0.15257531756726536,0.014581453209153465
0.047,0.9987924730822124,0.03193356737780178,0.554761342888726,0.7133212225261015,0.5608352344662658,0.5153630202300071,0.9563283461382935,2365,71695,108,89331,0.8585310332416014,0.8735997872319208,0.15257531756726536,0.014581453209153465
0.048,0.9987924730822124,0.03193356737780178,0.554761342888726,0.7133212225261015,0.5608352344662658,0.5153630202300071,0.9563283461382935,2365,71695,108,89331,0.8585310332416014,0.8735997872319208,0.15257531756726536,0.014581453209153465
0.049,0.9987924730822124,0.03193356737780178,0.554761342888726,0.7133212225261015,0.5608352344662658,0.5153630202300071,0.9563283461382935,2365,71695,108,89331,0.8585310332416014,0.8735997872319208,0.15257531756726536,0.014581453209153465
0.05,0.9987924730822124,0.03193356737780178,0.554761342888726,0.7133212225261015,0.5608352344662658,0.5153630202300071,0.9563283461382935,2365,71695,108,89331,0.8585310332416014,0.8735997872319208,0.15257531756726536,0.014581453209153465
0.051,0.9987924730822124,0.03193356737780178,0.554761342888726,0.7133212225261015,0.5608352344662658,0.5153630202300071,0.9563283461382935,2365,71695,108,89331,0.8585310332416014,0.8735997872319208,0.15257531756726536,0.014581453209153465
0.052,0.9987924730822124,0.03193356737780178,0.554761342888726,0.7133212225261015,0.5608352344662658,0.5153630202300071,0.9563283461382935,2365,71695,108,89331,0.8585310332416014,0.8735997872319208,0.15257531756726536,0.014581453209153465
0.053,0.9987924730822124,0.03193356737780178,0.554761342888726,0.7133212225261015,0.5608352344662658,0.5153630202300071,0.9563283461382935,2365,71695,108,89331,0.8585310332416014,0.8735997872319208,0.15257531756726536,0.014581453209153465
0.054,0.9959301870548642,0.08668647042938159,0.5683884758957343,0.7237339226662983,0.5840708505862421,0.5413083287421229,0.9463443396226415,6420,67640,364,89075,0.8585310332416014,0.8735997872319208,0.15257531756726536,0.014581453209153465
0.055,0.9959301870548642,0.08668647042938159,0.5683884758957343,0.7237339226662983,0.5840708505862421,0.5413083287421229,0.9463443396226415,6420,67640,364,89075,0.8585310332416014,0.8735997872319208,0.15257531756726536,0.014581453209153465
0.056,0.9959301870548642,0.08668647042938159,0.5683884758957343,0.7237339226662983,0.5840708505862421,0.5413083287421229,0.9463443396226415,6420,67640,364,89075,0.8585310332416014,0.8735997872319208,0.15257531756726536,0.014581453209153465
0.057,0.9959301870548642,0.08668647042938159,0.5683884758957343,0.7237339226662983,0.5840708505862421,0.5413083287421229,0.9463443396226415,6420,67640,364,89075,0.8585310332416014,0.8735997872319208,0.15257531756726536,0.014581453209153465
0.058,0.9959301870548642,0.08668647042938159,0.5683884758957343,0.7237339226662983,0.5840708505862421,0.5413083287421229,0.9463443396226415,6420,67640,364,89075,0.8585310332416014,0.8735997872319208,0.15257531756726536,0.014581453209153465
0.059,0.9959301870548642,0.08668647042938159,0.5683884758957343,0.7237339226662983,0.5840708505862421,0.5413083287421229,0.9463443396226415,6420,67640,364,89075,0.8585310332416014,0.8735997872319208,0.15257531756726536,0.014581453209153465
0.06,0.9959301870548642,0.08668647042938159,0.5683884758957343,0.7237339226662983,0.5840708505862421,0.5413083287421229,0.9463443396226415,6420,67640,364,89075,0.8585310332416014,0.8735997872319208,0.15257531756726536,0.014581453209153465
0.061,0.9959301870548642,0.08668647042938159,0.5683884758957343,0.7237339226662983,0.5840708505862421,0.5413083287421229,0.9463443396226415,6420,67640,364,89075,0.8585310332416014,0.8735997872319208,0.15257531756726536,0.014581453209153465
0.062,0.9958854638356869,0.08702403456656765,0.5684681464840509,0.7237866937531742,0.5841992917387874,0.5414547492011272,0.945985615734625,6445,67615,368,89071,0.8585310332416014,0.8735997872319208,0.15257531756726536,0.014581453209153465
0.063,0.9958854638356869,0.08702403456656765,0.5684681464840509,0.7237866937531742,0.5841992917387874,0.5414547492011272,0.945985615734625,6445,67615,368,89071,0.8585310332416014,0.8735997872319208,0.15257531756726536,0.014581453209153465
0.064,0.9958854638356869,0.08702403456656765,0.5684681464840509,0.7237866937531742,0.5841992917387874,0.5414547492011272,0.945985615734625,6445,67615,368,89071,0.8585310332416014,0.8735997872319208,0.15257531756726536,0.014581453209153465
0.065,0.9958854638356869,0.08702403456656765,0.5684681464840509,0.7237866937531742,0.5841992917387874,0.5414547492011272,0.945985615734625,6445,67615,368,89071,0.8585310332416014,0.8735997872319208,0.15257531756726536,0.014581453209153465
0.066,0.9958854638356869,0.08702403456656765,0.5684681464840509,0.7237866937531742,0.5841992917387874,0.5414547492011272,0.945985615734625,6445,67615,368,89071,0.8585310332416014,0.8735997872319208,0.15257531756726536,0.014581453209153465
0.067,0.9958854638356869,0.08702403456656765,0.5684681464840509,0.7237866937531742,0.5841992917387874,0.5414547492011272,0.945985615734625,6445,67615,368,89071,0.8585310332416014,0.8735997872319208,0.15257531756726536,0.014581453209153465
0.068,0.9958854638356869,0.08702403456656765,0.5684681464840509,0.7237866937531742,0.5841992917387874,0.5414547492011272,0.945985615734625,6445,67615,368,89071,0.8585310332416014,0.8735997872319208,0.15257531756726536,0.014581453209153465
0.069,0.995650666935006,0.09176343505266,0.5696866563455608,0.7247113972159038,0.586217652707356,0.543707050993833,0.9458594293667363,6796,67264,389,89050,0.8585310332416014,0.8735997872319208,0.15257531756726536,0.014581453209153465
0.07,0.9931908898802536,0.13401296246286795,0.5807210799856176,0.7329086978762728,0.6040098104575563,0.5636019261715608,0.9421872033415607,9925,64135,609,88830,0.8585310332416014,0.8735997872319208,0.15257531756726536,0.014581453209153465
0.071,0.9912677914556289,0.1652714015662976,0.589175826366645,0.7390722624907781,0.6171169242625337,0.5782695965109632,0.9400199677444129,12240,61820,781,88658,0.8585310332416014,0.8735997872319208,0.15257531756726536,0.014581453209153465
0.072,0.9902391574145507,0.17631650013502564,0.592145378690629,0.7411163689766409,0.6215573183933847,0.5832778287747882,0.9373340033019883,13058,61002,873,88566,0.8585310332416014,0.8735997872319208,0.15257531756726536,0.014581453209153465
0.073,0.9902391574145507,0.1763300027005131,0.592149337754986,0.7411194698041053,0.621563434638744,0.5832845800575319,0.9373385012919897,13059,61001,873,88566,0.8585310332416014,0.8735997872319208,0.15257531756726536,0.014581453209153465
0.074,0.9902391574145507,0.1763300027005131,0.592149337754986,0.7411194698041053,0.621563434638744,0.5832845800575319,0.9373385012919897,13059,61001,873,88566,0.8585310332416014,0.8735997872319208,0.15257531756726536,0.014581453209153465
0.075,0.9902391574145507,0.1763300027005131,0.592149337754986,0.7411194698041053,0.621563434638744,0.5832845800575319,0.9373385012919897,13059,61001,873,88566,0.8585310332416014,0.8735997872319208,0.15257531756726536,0.014581453209153465
0.076,0.9902391574145507,0.1763300027005131,0.592149337754986,0.7411194698041053,0.621563434638744,0.5832845800575319,0.9373385012919897,13059,61001,873,88566,0.8585310332416014,0.8735997872319208,0.15257531756726536,0.014581453209153465
0.077,0.9902391574145507,0.1763300027005131,0.592149337754986,0.7411194698041053,0.621563434638744,0.5832845800575319,0.9373385012919897,13059,61001,873,88566,0.8585310332416014,0.8735997872319208,0.15257531756726536,0.014581453209153465
0.078,0.9902391574145507,0.1763300027005131,0.592149337754986,0.7411194698041053,0.621563434638744,0.5832845800575319,0.9373385012919897,13059,61001,873,88566,0.8585310332416014,0.8735997872319208,0.15257531756726536,0.014581453209153465
0.079,0.9902391574145507,0.1763300027005131,0.592149337754986,0.7411194698041053,0.621563434638744,0.5832845800575319,0.9373385012919897,13059,61001,873,88566,0.8585310332416014,0.8735997872319208,0.15257531756726536,0.014581453209153465
0.08,0.9902279766097564,0.17634350526600054,0.5921505699862936,0.7411173034760923,0.621563434638744,0.5832857409378784,0.9372757284340462,13060,61000,874,88565,0.8585310332416014,0.8735997872319208,0.15257531756726536,0.014581453209153465
0.081,0.9902279766097564,0.17634350526600054,0.5921505699862936,0.7411173034760923,0.621563434638744,0.5832857409378784,0.9372757284340462,13060,61000,874,88565,0.8585310332416014,0.8735997872319208,0.15257531756726536,0.014581453209153465
0.082,0.9902279766097564,0.17634350526600054,0.5921505699862936,0.7411173034760923,0.621563434638744,0.5832857409378784,0.9372757284340462,13060,61000,874,88565,0.8585310332416014,0.8735997872319208,0.15257531756726536,0.014581453209153465
0.083,0.9902279766097564,0.17634350526600054,0.5921505699862936,0.7411173034760923,0.621563434638744,0.5832857409378784,0.9372757284340462,13060,61000,874,88565,0.8585310332416014,0.8735997872319208,0.15257531756726536,0.014581453209153465
0.084,0.9902279766097564,0.17635700783148797,0.5921545291647723,0.741120404346389,0.6215695508841033,0.5832924922206222,0.9372802296376032,13061,60999,874,88565,0.8585310332416014,0.8735997872319208,0.15257531756726536,0.014581453209153465
0.085,0.9902279766097564,0.17635700783148797,0.5921545291647723,0.741120404346389,0.6215695508841033,0.5832924922206222,0.9372802296376032,13061,60999,874,88565,0.8585310332416014,0.8735997872319208,0.15257531756726536,0.014581453209153465
0.086,0.9902279766097564,0.17635700783148797,0.5921545291647723,0.741120404346389,0.6215695508841033,0.5832924922206222,0.9372802296376032,13061,60999,874,88565,0.8585310332416014,0.8735997872319208,0.15257531756726536,0.014581453209153465
0.087,0.9896689363700399,0.18201458277072644,0.5936818806801033,0.7421583505915298,0.6238264454216845,0.5858417595703832,0.9358511524576506,13480,60580,924,88515,0.8585310332416014,0.8735997872319208,0.15257531756726536,0.014581453209153465
0.088,0.9896689363700399,0.18201458277072644,0.5936818806801033,0.7421583505915298,0.6238264454216845,0.5858417595703832,0.9358511524576506,13480,60580,924,88515,0.8585310332416014,0.8735997872319208,0.15257531756726536,0.014581453209153465
0.089,0.9896689363700399,0.18201458277072644,0.5936818806801033,0.7421583505915298,0.6238264454216845,0.5858417595703832,0.9358511524576506,13480,60580,924,88515,0.8585310332416014,0.8735997872319208,0.15257531756726536,0.014581453209153465
0.09,0.9896689363700399,0.18201458277072644,0.5936818806801033,0.7421583505915298,0.6238264454216845,0.5858417595703832,0.9358511524576506,13480,60580,924,88515,0.8585310332416014,0.8735997872319208,0.15257531756726536,0.014581453209153465
0.091,0.9896689363700399,0.18201458277072644,0.5936818806801033,0.7421583505915298,0.6238264454216845,0.5858417595703832,0.9358511524576506,13480,60580,924,88515,0.8585310332416014,0.8735997872319208,0.15257531756726536,0.014581453209153465
0.092,0.9896689363700399,0.18201458277072644,0.5936818806801033,0.7421583505915298,0.6238264454216845,0.5858417595703832,0.9358511524576506,13480,60580,924,88515,0.8585310332416014,0.8735997872319208,0.15257531756726536,0.014581453209153465
0.093,0.9896689363700399,0.18201458277072644,0.5936818806801033,0.7421583505915298,0.6238264454216845,0.5858417595703832,0.9358511524576506,13480,60580,924,88515,0.8585310332416014,0.8735997872319208,0.15257531756726536,0.014581453209153465
0.094,0.9896689363700399,0.18201458277072644,0.5936818806801033,0.7421583505915298,0.6238264454216845,0.5858417595703832,0.9358511524576506,13480,60580,924,88515,0.8585310332416014,0.8735997872319208,0.15257531756726536,0.014581453209153465
0.095,0.9896689363700399,0.18201458277072644,0.5936818806801033,0.7421583505915298,0.6238264454216845,0.5858417595703832,0.9358511524576506,13480,60580,924,88515,0.8585310332416014,0.8735997872319208,0.15257531756726536,0.014581453209153465
0.096,0.9896689363700399,0.18201458277072644,0.5936818806801033,0.7421583505915298,0.6238264454216845,0.5858417595703832,0.9358511524576506,13480,60580,924,88515,0.8585310332416014,0.8735997872319208,0.15257531756726536,0.014581453209153465
0.097,0.9896689363700399,0.18201458277072644,0.5936818806801033,0.7421583505915298,0.6238264454216845,0.5858417595703832,0.9358511524576506,13480,60580,924,88515,0.8585310332416014,0.8735997872319208,0.15257531756726536,0.014581453209153465
0.098,0.9896689363700399,0.18201458277072644,0.5936818806801033,0.7421583505915298,0.6238264454216845,0.5858417595703832,0.9358511524576506,13480,60580,924,88515,0.8585310332416014,0.8735997872319208,0.15257531756726536,0.014581453209153465
0.099,0.9892105233734724,0.18732109100729138,0.5951392766091981,0.7431667366652667,0.6259793637881578,0.5882658071903819,0.9349642809003909,13873,60187,965,88474,0.8585310332416014,0.8735997872319208,0.15257531756726536,0.014581453209153465
0.1,0.9891993425686781,0.18732109100729138,0.5951365532086641,0.7431614580489627,0.6259732475427984,0.5882602167879848,0.9349012736707325,13873,60187,966,88473,0.8585310332416014,0.8735997872319208,0.15257531756726536,0.014581453209153465
0.101,0.9885732175001957,0.1931541992978666,0.5967186782927949,0.7442163872884673,0.6282729557978948,0.5908637083990311,0.9333202844653227,14305,59755,1022,88417,0.8585310332416014,0.8735997872319208,0.15257531756726536,0.014581453209153465
0.102,0.9864265029796845,0.2151498784769106,0.6028315488107359,0.7483353831799482,0.6370620003792072,0.6007881907282976,0.9292045719617448,15934,58126,1214,88225,0.8585310332416014,0.8735997872319208,0.15257531756726536,0.014581453209153465
0.103,0.9864265029796845,0.2151498784769106,0.6028315488107359,0.7483353831799482,0.6370620003792072,0.6007881907282976,0.9292045719617448,15934,58126,1214,88225,0.8585310332416014,0.8735997872319208,0.15257531756726536,0.014581453209153465
0.104,0.9864265029796845,0.2151498784769106,0.6028315488107359,0.7483353831799482,0.6370620003792072,0.6007881907282976,0.9292045719617448,15934,58126,1214,88225,0.8585310332416014,0.8735997872319208,0.15257531756726536,0.014581453209153465
0.105,0.9864265029796845,0.2151498784769106,0.6028315488107359,0.7483353831799482,0.6370620003792072,0.6007881907282976,0.9292045719617448,15934,58126,1214,88225,0.8585310332416014,0.8735997872319208,0.15257531756726536,0.014581453209153465
0.106,0.9864265029796845,0.2151498784769106,0.6028315488107359,0.7483353831799482,0.6370620003792072,0.6007881907282976,0.9292045719617448,15934,58126,1214,88225,0.8585310332416014,0.8735997872319208,0.15257531756726536,0.014581453209153465
0.107,0.9864265029796845,0.2151498784769106,0.6028315488107359,0.7483353831799482,0.6370620003792072,0.6007881907282976,0.9292045719617448,15934,58126,1214,88225,0.8585310332416014,0.8735997872319208,0.15257531756726536,0.014581453209153465
0.108,0.9864265029796845,0.2151498784769106,0.6028315488107359,0.7483353831799482,0.6370620003792072,0.6007881907282976,0.9292045719617448,15934,58126,1214,88225,0.8585310332416014,0.8735997872319208,0.15257531756726536,0.014581453209153465
0.109,0.9864265029796845,0.2151498784769106,0.6028315488107359,0.7483353831799482,0.6370620003792072,0.6007881907282976,0.9292045719617448,15934,58126,1214,88225,0.8585310332416014,0.8735997872319208,0.15257531756726536,0.014581453209153465
0.11,0.9864265029796845,0.2151498784769106,0.6028315488107359,0.7483353831799482,0.6370620003792072,0.6007881907282976,0.9292045719617448,15934,58126,1214,88225,0.8585310332416014,0.8735997872319208,0.15257531756726536,0.014581453209153465
0.111,0.9864265029796845,0.2151498784769106,0.6028315488107359,0.7483353831799482,0.6370620003792072,0.6007881907282976,0.9292045719617448,15934,58126,1214,88225,0.8585310332416014,0.8735997872319208,0.15257531756726536,0.014581453209153465
0.112,0.9864265029796845,0.2151498784769106,0.6028315488107359,0.7483353831799482,0.6370620003792072,0.6007881907282976,0.9292045719617448,15934,58126,1214,88225,0.8585310332416014,0.8735997872319208,0.15257531756726536,0.014581453209153465
0.113,0.9864265029796845,0.2151498784769106,0.6028315488107359,0.7483353831799482,0.6370620003792072,0.6007881907282976,0.9292045719617448,15934,58126,1214,88225,0.8585310332416014,0.8735997872319208,0.15257531756726536,0.014581453209153465
0.114,0.9864265029796845,0.21516338104239804,0.6028356679193714,0.7483385569301366,0.6370681166245665,0.6007949420110412,0.929208700215756,15935,58125,1214,88225,0.8585310332416014,0.8735997872319208,0.15257531756726536,0.014581453209153465
0.115,0.9864265029796845,0.21516338104239804,0.6028356679193714,0.7483385569301366,0.6370681166245665,0.6007949420110412,0.929208700215756,15935,58125,1214,88225,0.8585310332416014,0.8735997872319208,0.15257531756726536,0.014581453209153465
0.116,0.9864265029796845,0.21516338104239804,0.6028356679193714,0.7483385569301366,0.6370681166245665,0.6007949420110412,0.929208700215756,15935,58125,1214,88225,0.8585310332416014,0.8735997872319208,0.15257531756726536,0.014581453209153465
0.117,0.9864265029796845,0.21516338104239804,0.6028356679193714,0.7483385569301366,0.6370681166245665,0.6007949420110412,0.929208700215756,15935,58125,1214,88225,0.8585310332416014,0.8735997872319208,0.15257531756726536,0.014581453209153465
0.118,0.9864265029796845,0.21516338104239804,0.6028356679193714,0.7483385569301366,0.6370681166245665,0.6007949420110412,0.929208700215756,15935,58125,1214,88225,0.8585310332416014,0.8735997872319208,0.15257531756726536,0.014581453209153465
0.119,0.9864265029796845,0.21516338104239804,0.6028356679193714,0.7483385569301366,0.6370681166245665,0.6007949420110412,0.929208700215756,15935,58125,1214,88225,0.8585310332416014,0.8735997872319208,0.15257531756726536,0.014581453209153465
0.12,0.9864265029796845,0.21516338104239804,0.6028356679193714,0.7483385569301366,0.6370681166245665,0.6007949420110412,0.929208700215756,15935,58125,1214,88225,0.8585310332416014,0.8735997872319208,0.15257531756726536,0.014581453209153465
0.121,0.9864265029796845,0.21516338104239804,0.6028356679193714,0.7483385569301366,0.6370681166245665,0.6007949420110412,0.929208700215756,15935,58125,1214,88225,0.8585310332416014,0.8735997872319208,0.15257531756726536,0.014581453209153465
0.122,0.9864265029796845,0.21516338104239804,0.6028356679193714,0.7483385569301366,0.6370681166245665,0.6007949420110412,0.929208700215756,15935,58125,1214,88225,0.8585310332416014,0.8735997872319208,0.15257531756726536,0.014581453209153465
0.123,0.9864265029796845,0.21516338104239804,0.6028356679193714,0.7483385569301366,0.6370681166245665,0.6007949420110412,0.929208700215756,15935,58125,1214,88225,0.8585310332416014,0.8735997872319208,0.15257531756726536,0.014581453209153465
0.124,0.9864265029796845,0.21516338104239804,0.6028356679193714,0.7483385569301366,0.6370681166245665,0.6007949420110412,0.929208700215756,15935,58125,1214,88225,0.8585310332416014,0.8735997872319208,0.15257531756726536,0.014581453209153465
0.125,0.9864265029796845,0.21516338104239804,0.6028356679193714,0.7483385569301366,0.6370681166245665,0.6007949420110412,0.929208700215756,15935,58125,1214,88225,0.8585310332416014,0.8735997872319208,0.15257531756726536,0.014581453209153465
0.126,0.9864265029796845,0.21516338104239804,0.6028356679193714,0.7483385569301366,0.6370681166245665,0.6007949420110412,0.929208700215756,15935,58125,1214,88225,0.8585310332416014,0.8735997872319208,0.15257531756726536,0.014581453209153465
0.127,0.9864265029796845,0.21516338104239804,0.6028356679193714,0.7483385569301366,0.6370681166245665,0.6007949420110412,0.929208700215756,15935,58125,1214,88225,0.8585310332416014,0.8735997872319208,0.15257531756726536,0.014581453209153465
0.128,0.9864265029796845,0.21516338104239804,0.6028356679193714,0.7483385569301366,0.6370681166245665,0.6007949420110412,0.929208700215756,15935,58125,1214,88225,0.8585310332416014,0.8735997872319208,0.15257531756726536,0.014581453209153465
0.129,0.9864265029796845,0.21516338104239804,0.6028356679193714,0.7483385569301366,0.6370681166245665,0.6007949420110412,0.929208700215756,15935,58125,1214,88225,0.8585310332416014,0.8735997872319208,0.15257531756726536,0.014581453209153465
0.13,0.9864265029796845,0.21516338104239804,0.6028356679193714,0.7483385569301366,0.6370681166245665,0.6007949420110412,0.929208700215756,15935,58125,1214,88225,0.8585310332416014,0.8735997872319208,0.15257531756726536,0.014581453209153465
0.131,0.9864265029796845,0.21516338104239804,0.6028356679193714,0.7483385569301366,0.6370681166245665,0.6007949420110412,0.929208700215756,15935,58125,1214,88225,0.8585310332416014,0.8735997872319208,0.15257531756726536,0.014581453209153465
0.132,0.9864265029796845,0.21516338104239804,0.6028356679193714,0.7483385569301366,0.6370681166245665,0.6007949420110412,0.929208700215756,15935,58125,1214,88225,0.8585310332416014,0.8735997872319208,0.15257531756726536,0.014581453209153465
0.133,0.9864265029796845,0.21516338104239804,0.6028356679193714,0.7483385569301366,0.6370681166245665,0.6007949420110412,0.929208700215756,15935,58125,1214,88225,0.8585310332416014,0.8735997872319208,0.15257531756726536,0.014581453209153465
0.134,0.9864265029796845,0.21516338104239804,0.6028356679193714,0.7483385569301366,0.6370681166245665,0.6007949420110412,0.929208700215756,15935,58125,1214,88225,0.8585310332416014,0.8735997872319208,0.15257531756726536,0.014581453209153465
0.135,0.9864265029796845,0.21516338104239804,0.6028356679193714,0.7483385569301366,0.6370681166245665,0.6007949420110412,0.929208700215756,15935,58125,1214,88225,0.8585310332416014,0.8735997872319208,0.15257531756726536,0.014581453209153465
0.136,0.9864265029796845,0.21516338104239804,0.6028356679193714,0.7483385569301366,0.6370681166245665,0.6007949420110412,0.929208700215756,15935,58125,1214,88225,0.8585310332416014,0.8735997872319208,0.15257531756726536,0.014581453209153465
0.137,0.9864265029796845,0.21516338104239804,0.6028356679193714,0.7483385569301366,0.6370681166245665,0.6007949420110412,0.929208700215756,15935,58125,1214,88225,0.8585310332416014,0.8735997872319208,0.15257531756726536,0.014581453209153465
0.138,0.9864265029796845,0.21516338104239804,0.6028356679193714,0.7483385569301366,0.6370681166245665,0.6007949420110412,0.929208700215756,15935,58125,1214,88225,0.8585310332416014,0.8735997872319208,0.15257531756726536,0.014581453209153465
0.139,0.9786893860620087,0.27777477720766947,0.620708972422547,0.7596372472446411,0.6611967045670004,0.6282320816348391,0.9152059791796423,20572,53488,1906,87533,0.8585310332416014,0.8735997872319208,0.15257531756726536,0.014581453209153465
0.14,0.9786893860620087,0.27777477720766947,0.620708972422547,0.7596372472446411,0.6611967045670004,0.6282320816348391,0.9152059791796423,20572,53488,1906,87533,0.8585310332416014,0.8735997872319208,0.15257531756726536,0.014581453209153465
0.141,0.9786893860620087,0.27777477720766947,0.620708972422547,0.7596372472446411,0.6611967045670004,0.6282320816348391,0.9152059791796423,20572,53488,1906,87533,0.8585310332416014,0.8735997872319208,0.15257531756726536,0.014581453209153465
0.142,0.9786893860620087,0.27777477720766947,0.620708972422547,0.7596372472446411,0.6611967045670004,0.6282320816348391,0.9152059791796423,20572,53488,1906,87533,0.8585310332416014,0.8735997872319208,0.15257531756726536,0.014581453209153465
0.143,0.9784545891613279,0.27919254658385095,0.6211150147272791,0.7598704490001477,0.6617104691771815,0.6288235678725894,0.9147496018403822,20677,53383,1927,87512,0.8585310332416014,0.8735997872319208,0.15257531756726536,0.014581453209153465
0.144,0.9784545891613279,0.27919254658385095,0.6211150147272791,0.7598704490001477,0.6617104691771815,0.6288235678725894,0.9147496018403822,20677,53383,1927,87512,0.8585310332416014,0.8735997872319208,0.15257531756726536,0.014581453209153465
0.145,0.9784545891613279,0.27919254658385095,0.6211150147272791,0.7598704490001477,0.6617104691771815,0.6288235678725894,0.9147496018403822,20677,53383,1927,87512,0.8585310332416014,0.8735997872319208,0.15257531756726536,0.014581453209153465
0.146,0.9616162971410682,0.3861868755063462,0.6542121477199254,0.7786730887625394,0.7009645318931614,0.6739015863237072,0.8928326153461946,28601,45459,3433,86006,0.8585310332416014,0.8735997872319208,0.15257531756726536,0.014581453209153465
0.147,0.9616162971410682,0.3861868755063462,0.6542121477199254,0.7786730887625394,0.7009645318931614,0.6739015863237072,0.8928326153461946,28601,45459,3433,86006,0.8585310332416014,0.8735997872319208,0.15257531756726536,0.014581453209153465
0.148,0.9615939355314795,0.38634890629219554,0.6542666088504462,0.7787043324731766,0.7010256943467544,0.6739714209118375,0.892817024463305,28613,45447,3435,86004,0.8585310332416014,0.8735997872319208,0.15257531756726536,0.014581453209153465
0.149,0.9615939355314795,0.38634890629219554,0.6542666088504462,0.7787043324731766,0.7010256943467544,0.6739714209118375,0.892817024463305,28613,45447,3435,86004,0.8585310332416014,0.8735997872319208,0.15257531756726536,0.014581453209153465
0.15,0.9615939355314795,0.38634890629219554,0.6542666088504462,0.7787043324731766,0.7010256943467544,0.6739714209118375,0.892817024463305,28613,45447,3435,86004,0.8585310332416014,0.8735997872319208,0.15257531756726536,0.014581453209153465
0.151,0.9615939355314795,0.38634890629219554,0.6542666088504462,0.7787043324731766,0.7010256943467544,0.6739714209118375,0.892817024463305,28613,45447,3435,86004,0.8585310332416014,0.8735997872319208,0.15257531756726536,0.014581453209153465
0.152,0.9615939355314795,0.38634890629219554,0.6542666088504462,0.7787043324731766,0.7010256943467544,0.6739714209118375,0.892817024463305,28613,45447,3435,86004,0.8585310332416014,0.8735997872319208,0.15257531756726536,0.014581453209153465
0.153,0.9615939355314795,0.38634890629219554,0.6542666088504462,0.7787043324731766,0.7010256943467544,0.6739714209118375,0.892817024463305,28613,45447,3435,86004,0.8585310332416014,0.8735997872319208,0.15257531756726536,0.014581453209153465
0.154,0.9615939355314795,0.38634890629219554,0.6542666088504462,0.7787043324731766,0.7010256943467544,0.6739714209118375,0.892817024463305,28613,45447,3435,86004,0.8585310332416014,0.8735997872319208,0.15257531756726536,0.014581453209153465
0.155,0.9615939355314795,0.38634890629219554,0.6542666088504462,0.7787043324731766,0.7010256943467544,0.6739714209118375,0.892817024463305,28613,45447,3435,86004,0.8585310332416014,0.8735997872319208,0.15257531756726536,0.014581453209153465
0.156,0.9615939355314795,0.38634890629219554,0.6542666088504462,0.7787043324731766,0.7010256943467544,0.6739714209118375,0.892817024463305,28613,45447,3435,86004,0.8585310332416014,0.8735997872319208,0.15257531756726536,0.014581453209153465
0.157,0.9615939355314795,0.38634890629219554,0.6542666088504462,0.7787043324731766,0.7010256943467544,0.6739714209118375,0.892817024463305,28613,45447,3435,86004,0.8585310332416014,0.8735997872319208,0.15257531756726536,0.014581453209153465
0.158,0.9615939355314795,0.38634890629219554,0.6542666088504462,0.7787043324731766,0.7010256943467544,0.6739714209118375,0.892817024463305,28613,45447,3435,86004,0.8585310332416014,0.8735997872319208,0.15257531756726536,0.014581453209153465
0.159,0.9549525374836481,0.41895760194436943,0.6649694025318821,0.7840059482010823,0.7121633771460376,0.6869550697140088,0.8850728813075848,31028,43032,4029,85410,0.8585310332416014,0.8735997872319208,0.15257531756726536,0.014581453209153465
0.16,0.9549525374836481,0.41895760194436943,0.6649694025318821,0.7840059482010823,0.7121633771460376,0.6869550697140088,0.8850728813075848,31028,43032,4029,85410,0.8585310332416014,0.8735997872319208,0.15257531756726536,0.014581453209153465
0.161,0.9549525374836481,0.41895760194436943,0.6649694025318821,0.7840059482010823,0.7121633771460376,0.6869550697140088,0.8850728813075848,31028,43032,4029,85410,0.8585310332416014,0.8735997872319208,0.15257531756726536,0.014581453209153465
0.162,0.9549525374836481,0.41895760194436943,0.6649694025318821,0.7840059482010823,0.7121633771460376,0.6869550697140088,0.8850728813075848,31028,43032,4029,85410,0.8585310332416014,0.8735997872319208,0.15257531756726536,0.014581453209153465
0.163,0.9549525374836481,0.41895760194436943,0.6649694025318821,0.7840059482010823,0.7121633771460376,0.6869550697140088,0.8850728813075848,31028,43032,4029,85410,0.8585310332416014,0.8735997872319208,0.15257531756726536,0.014581453209153465
0.164,0.9549525374836481,0.41895760194436943,0.6649694025318821,0.7840059482010823,0.7121633771460376,0.6869550697140088,0.8850728813075848,31028,43032,4029,85410,0.8585310332416014,0.8735997872319208,0.15257531756726536,0.014581453209153465
0.165,0.9518219121412359,0.4307588441803943,0.6687983156306957,0.785596626170251,0.7157964268894611,0.6912903781608151,0.8810030101350418,31902,42158,4309,85130,0.8585310332416014,0.8735997872319208,0.15257531756726536,0.014581453209153465
0.166,0.9518219121412359,0.4307588441803943,0.6687983156306957,0.785596626170251,0.7157964268894611,0.6912903781608151,0.8810030101350418,31902,42158,4309,85130,0.8585310332416014,0.8735997872319208,0.15257531756726536,0.014581453209153465
0.167,0.9518219121412359,0.4307588441803943,0.6687983156306957,0.785596626170251,0.7157964268894611,0.6912903781608151,0.8810030101350418,31902,42158,4309,85130,0.8585310332416014,0.8735997872319208,0.15257531756726536,0.014581453209153465
0.168,0.9518219121412359,0.4307588441803943,0.6687983156306957,0.785596626170251,0.7157964268894611,0.6912903781608151,0.8810030101350418,31902,42158,4309,85130,0.8585310332416014,0.8735997872319208,0.15257531756726536,0.014581453209153465
0.169,0.9518219121412359,0.4307588441803943,0.6687983156306957,0.785596626170251,0.7157964268894611,0.6912903781608151,0.8810030101350418,31902,42158,4309,85130,0.8585310332416014,0.8735997872319208,0.15257531756726536,0.014581453209153465
0.17,0.9518219121412359,0.4307588441803943,0.6687983156306957,0.785596626170251,0.7157964268894611,0.6912903781608151,0.8810030101350418,31902,42158,4309,85130,0.8585310332416014,0.8735997872319208,0.15257531756726536,0.014581453209153465
0.171,0.9518219121412359,0.4307588441803943,0.6687983156306957,0.785596626170251,0.7157964268894611,0.6912903781608151,0.8810030101350418,31902,42158,4309,85130,0.8585310332416014,0.8735997872319208,0.15257531756726536,0.014581453209153465
0.172,0.9518219121412359,0.4307588441803943,0.6687983156306957,0.785596626170251,0.7157964268894611,0.6912903781608151,0.8810030101350418,31902,42158,4309,85130,0.8585310332416014,0.8735997872319208,0.15257531756726536,0.014581453209153465
0.173,0.9518219121412359,0.4307588441803943,0.6687983156306957,0.785596626170251,0.7157964268894611,0.6912903781608151,0.8810030101350418,31902,42158,4309,85130,0.8585310332416014,0.8735997872319208,0.15257531756726536,0.014581453209153465
0.174,0.9518219121412359,0.4307588441803943,0.6687983156306957,0.785596626170251,0.7157964268894611,0.6912903781608151,0.8810030101350418,31902,42158,4309,85130,0.8585310332416014,0.8735997872319208,0.15257531756726536,0.014581453209153465
0.175,0.9511510638535762,0.43568728058331085,0.6705658860345411,0.7865854222337287,0.7176618817240472,0.6934191722184435,0.8807457145976635,32267,41793,4369,85070,0.8585310332416014,0.8735997872319208,0.15257531756726536,0.014581453209153465
0.176,0.9511510638535762,0.43568728058331085,0.6705658860345411,0.7865854222337287,0.7176618817240472,0.6934191722184435,0.8807457145976635,32267,41793,4369,85070,0.8585310332416014,0.8735997872319208,0.15257531756726536,0.014581453209153465
0.177,0.9511510638535762,0.43568728058331085,0.6705658860345411,0.7865854222337287,0.7176618817240472,0.6934191722184435,0.8807457145976635,32267,41793,4369,85070,0.8585310332416014,0.8735997872319208,0.15257531756726536,0.014581453209153465
0.178,0.9511510638535762,0.43568728058331085,0.6705658860345411,0.7865854222337287,0.7176618817240472,0.6934191722184435,0.8807457145976635,32267,41793,4369,85070,0.8585310332416014,0.8735997872319208,0.15257531756726536,0.014581453209153465
0.179,0.9511510638535762,0.43568728058331085,0.6705658860345411,0.7865854222337287,0.7176618817240472,0.6934191722184435,0.8807457145976635,32267,41793,4369,85070,0.8585310332416014,0.8735997872319208,0.15257531756726536,0.014581453209153465
0.18,0.9511510638535762,0.43568728058331085,0.6705658860345411,0.7865854222337287,0.7176618817240472,0.6934191722184435,0.8807457145976635,32267,41793,4369,85070,0.8585310332416014,0.8735997872319208,0.15257531756726536,0.014581453209153465
0.181,0.9511510638535762,0.43568728058331085,0.6705658860345411,0.7865854222337287,0.7176618817240472,0.6934191722184435,0.8807457145976635,32267,41793,4369,85070,0.8585310332416014,0.8735997872319208,0.15257531756726536,0.014581453209153465
0.182,0.9511510638535762,0.43568728058331085,0.6705658860345411,0.7865854222337287,0.7176618817240472,0.6934191722184435,0.8807457145976635,32267,41793,4369,85070,0.8585310332416014,0.8735997872319208,0.15257531756726536,0.014581453209153465
0.183,0.9511510638535762,0.43568728058331085,0.6705658860345411,0.7865854222337287,0.7176618817240472,0.6934191722184435,0.8807457145976635,32267,41793,4369,85070,0.8585310332416014,0.8735997872319208,0.15257531756726536,0.014581453209153465
0.184,0.9511510638535762,0.43568728058331085,0.6705658860345411,0.7865854222337287,0.7176618817240472,0.6934191722184435,0.8807457145976635,32267,41793,4369,85070,0.8585310332416014,0.8735997872319208,0.15257531756726536,0.014581453209153465
0.185,0.9511510638535762,0.43568728058331085,0.6705658860345411,0.7865854222337287,0.7176618817240472,0.6934191722184435,0.8807457145976635,32267,41793,4369,85070,0.8585310332416014,0.8735997872319208,0.15257531756726536,0.014581453209153465
0.186,0.9511510638535762,0.43568728058331085,0.6705658860345411,0.7865854222337287,0.7176618817240472,0.6934191722184435,0.8807457145976635,32267,41793,4369,85070,0.8585310332416014,0.8735997872319208,0.15257531756726536,0.014581453209153465
0.187,0.9511510638535762,0.43568728058331085,0.6705658860345411,0.7865854222337287,0.7176618817240472,0.6934191722184435,0.8807457145976635,32267,41793,4369,85070,0.8585310332416014,0.8735997872319208,0.15257531756726536,0.014581453209153465
0.188,0.9511510638535762,0.43568728058331085,0.6705658860345411,0.7865854222337287,0.7176618817240472,0.6934191722184435,0.8807457145976635,32267,41793,4369,85070,0.8585310332416014,0.8735997872319208,0.15257531756726536,0.014581453209153465
0.189,0.9511510638535762,0.43568728058331085,0.6705658860345411,0.7865854222337287,0.7176618817240472,0.6934191722184435,0.8807457145976635,32267,41793,4369,85070,0.8585310332416014,0.8735997872319208,0.15257531756726536,0.014581453209153465
0.19,0.9511510638535762,0.43568728058331085,0.6705658860345411,0.7865854222337287,0.7176618817240472,0.6934191722184435,0.8807457145976635,32267,41793,4369,85070,0.8585310332416014,0.8735997872319208,0.15257531756726536,0.014581453209153465
0.191,0.9511510638535762,0.43568728058331085,0.6705658860345411,0.7865854222337287,0.7176618817240472,0.6934191722184435,0.8807457145976635,32267,41793,4369,85070,0.8585310332416014,0.8735997872319208,0.15257531756726536,0.014581453209153465
0.192,0.9511510638535762,0.43568728058331085,0.6705658860345411,0.7865854222337287,0.7176618817240472,0.6934191722184435,0.8807457145976635,32267,41793,4369,85070,0.8585310332416014,0.8735997872319208,0.15257531756726536,0.014581453209153465
0.193,0.9511510638535762,0.43568728058331085,0.6705658860345411,0.7865854222337287,0.7176618817240472,0.6934191722184435,0.8807457145976635,32267,41793,4369,85070,0.8585310332416014,0.8735997872319208,0.15257531756726536,0.014581453209153465
0.194,0.9511510638535762,0.43568728058331085,0.6705658860345411,0.7865854222337287,0.7176618817240472,0.6934191722184435,0.8807457145976635,32267,41793,4369,85070,0.8585310332416014,0.8735997872319208,0.15257531756726536,0.014581453209153465
0.195,0.9511510638535762,0.43568728058331085,0.6705658860345411,0.7865854222337287,0.7176618817240472,0.6934191722184435,0.8807457145976635,32267,41793,4369,85070,0.8585310332416014,0.8735997872319208,0.15257531756726536,0.014581453209153465
0.196,0.9511510638535762,0.43568728058331085,0.6705658860345411,0.7865854222337287,0.7176618817240472,0.6934191722184435,0.8807457145976635,32267,41793,4369,85070,0.8585310332416014,0.8735997872319208,0.15257531756726536,0.014581453209153465
0.197,0.9511510638535762,0.43568728058331085,0.6705658860345411,0.7865854222337287,0.7176618817240472,0.6934191722184435,0.8807457145976635,32267,41793,4369,85070,0.8585310332416014,0.8735997872319208,0.15257531756726536,0.014581453209153465
0.198,0.9511510638535762,0.43568728058331085,0.6705658860345411,0.7865854222337287,0.7176618817240472,0.6934191722184435,0.8807457145976635,32267,41793,4369,85070,0.8585310332416014,0.8735997872319208,0.15257531756726536,0.014581453209153465
0.199,0.9511510638535762,0.43568728058331085,0.6705658860345411,0.7865854222337287,0.7176618817240472,0.6934191722184435,0.8807457145976635,32267,41793,4369,85070,0.8585310332416014,0.8735997872319208,0.15257531756726536,0.014581453209153465
0.2,0.9511510638535762,0.43568728058331085,0.6705658860345411,0.7865854222337287,0.7176618817240472,0.6934191722184435,0.8807457145976635,32267,41793,4369,85070,0.8585310332416014,0.8735997872319208,0.15257531756726536,0.014581453209153465
0.201,0.9511510638535762,0.43568728058331085,0.6705658860345411,0.7865854222337287,0.7176618817240472,0.6934191722184435,0.8807457145976635,32267,41793,4369,85070,0.8585310332416014,0.8735997872319208,0.15257531756726536,0.014581453209153465
0.202,0.9511510638535762,0.43568728058331085,0.6705658860345411,0.7865854222337287,0.7176618817240472,0.6934191722184435,0.8807457145976635,32267,41793,4369,85070,0.8585310332416014,0.8735997872319208,0.15257531756726536,0.014581453209153465
0.203,0.9511510638535762,0.43568728058331085,0.6705658860345411,0.7865854222337287,0.7176618817240472,0.6934191722184435,0.8807457145976635,32267,41793,4369,85070,0.8585310332416014,0.8735997872319208,0.15257531756726536,0.014581453209153465
0.204,0.9511510638535762,0.43568728058331085,0.6705658860345411,0.7865854222337287,0.7176618817240472,0.6934191722184435,0.8807457145976635,32267,41793,4369,85070,0.8585310332416014,0.8735997872319208,0.15257531756726536,0.014581453209153465
0.205,0.9511510638535762,0.43568728058331085,0.6705658860345411,0.7865854222337287,0.7176618817240472,0.6934191722184435,0.8807457145976635,32267,41793,4369,85070,0.8585310332416014,0.8735997872319208,0.15257531756726536,0.014581453209153465
0.206,0.9458066391618869,0.46205779098028626,0.6798251253696799,0.791056290941736,0.726683343629013,0.7039322150710866,0.8759310927381165,34220,39840,4847,84592,0.8585310332416014,0.8735997872319208,0.15257531756726536,0.014581453209153465
0.207,0.9458066391618869,0.46205779098028626,0.6798251253696799,0.791056290941736,0.726683343629013,0.7039322150710866,0.8759310927381165,34220,39840,4847,84592,0.8585310332416014,0.8735997872319208,0.15257531756726536,0.014581453209153465
0.208,0.9458066391618869,0.46205779098028626,0.6798251253696799,0.791056290941736,0.726683343629013,0.7039322150710866,0.8759310927381165,34220,39840,4847,84592,0.8585310332416014,0.8735997872319208,0.15257531756726536,0.014581453209153465
0.209,0.9458066391618869,0.46205779098028626,0.6798251253696799,0.791056290941736,0.726683343629013,0.7039322150710866,0.8759310927381165,34220,39840,4847,84592,0.8585310332416014,0.8735997872319208,0.15257531756726536,0.014581453209153465
0.21,0.9458066391618869,0.46205779098028626,0.6798251253696799,0.791056290941736,0.726683343629013,0.7039322150710866,0.8759310927381165,34220,39840,4847,84592,0.8585310332416014,0.8735997872319208,0.15257531756726536,0.014581453209153465
0.211,0.9458066391618869,0.46205779098028626,0.6798251253696799,0.791056290941736,0.726683343629013,0.7039322150710866,0.8759310927381165,34220,39840,4847,84592,0.8585310332416014,0.8735997872319208,0.15257531756726536,0.014581453209153465
0.212,0.9458066391618869,0.46205779098028626,0.6798251253696799,0.791056290941736,0.726683343629013,0.7039322150710866,0.8759310927381165,34220,39840,4847,84592,0.8585310332416014,0.8735997872319208,0.15257531756726536,0.014581453209153465
0.213,0.9458066391618869,0.46205779098028626,0.6798251253696799,0.791056290941736,0.726683343629013,0.7039322150710866,0.8759310927381165,34220,39840,4847,84592,0.8585310332416014,0.8735997872319208,0.15257531756726536,0.014581453209153465
0.214,0.9458066391618869,0.46205779098028626,0.6798251253696799,0.791056290941736,0.726683343629013,0.7039322150710866,0.8759310927381165,34220,39840,4847,84592,0.8585310332416014,0.8735997872319208,0.15257531756726536,0.014581453209153465
0.215,0.9458066391618869,0.46205779098028626,0.6798251253696799,0.791056290941736,0.726683343629013,0.7039322150710866,0.8759310927381165,34220,39840,4847,84592,0.8585310332416014,0.8735997872319208,0.15257531756726536,0.014581453209153465
0.216,0.9458066391618869,0.46205779098028626,0.6798251253696799,0.791056290941736,0.726683343629013,0.7039322150710866,0.8759310927381165,34220,39840,4847,84592,0.8585310332416014,0.8735997872319208,0.15257531756726536,0.014581453209153465
0.217,0.9458066391618869,0.46205779098028626,0.6798251253696799,0.791056290941736,0.726683343629013,0.7039322150710866,0.8759310927381165,34220,39840,4847,84592,0.8585310332416014,0.8735997872319208,0.15257531756726536,0.014581453209153465
0.218,0.9458066391618869,0.46205779098028626,0.6798251253696799,0.791056290941736,0.726683343629013,0.7039322150710866,0.8759310927381165,34220,39840,4847,84592,0.8585310332416014,0.8735997872319208,0.15257531756726536,0.014581453209153465
0.219,0.9458066391618869,0.46205779098028626,0.6798251253696799,0.791056290941736,0.726683343629013,0.7039322150710866,0.8759310927381165,34220,39840,4847,84592,0.8585310332416014,0.8735997872319208,0.15257531756726536,0.014581453209153465
0.22,0.9458066391618869,0.46205779098028626,0.6798251253696799,0.791056290941736,0.726683343629013,0.7039322150710866,0.8759310927381165,34220,39840,4847,84592,0.8585310332416014,0.8735997872319208,0.15257531756726536,0.014581453209153465
0.221,0.9458066391618869,0.46205779098028626,0.6798251253696799,0.791056290941736,0.726683343629013,0.7039322150710866,0.8759310927381165,34220,39840,4847,84592,0.8585310332416014,0.8735997872319208,0.15257531756726536,0.014581453209153465
0.222,0.9458066391618869,0.46205779098028626,0.6798251253696799,0.791056290941736,0.726683343629013,0.7039322150710866,0.8759310927381165,34220,39840,4847,84592,0.8585310332416014,0.8735997872319208,0.15257531756726536,0.014581453209153465
0.223,0.9458066391618869,0.46205779098028626,0.6798251253696799,0.791056290941736,0.726683343629013,0.7039322150710866,0.8759310927381165,34220,39840,4847,84592,0.8585310332416014,0.8735997872319208,0.15257531756726536,0.014581453209153465
0.224,0.9458066391618869,0.46205779098028626,0.6798251253696799,0.791056290941736,0.726683343629013,0.7039322150710866,0.8759310927381165,34220,39840,4847,84592,0.8585310332416014,0.8735997872319208,0.15257531756726536,0.014581453209153465
0.225,0.9458066391618869,0.46205779098028626,0.6798251253696799,0.791056290941736,0.726683343629013,0.7039322150710866,0.8759310927381165,34220,39840,4847,84592,0.8585310332416014,0.8735997872319208,0.15257531756726536,0.014581453209153465
0.226,0.9458066391618869,0.46205779098028626,0.6798251253696799,0.791056290941736,0.726683343629013,0.7039322150710866,0.8759310927381165,34220,39840,4847,84592,0.8585310332416014,0.8735997872319208,0.15257531756726536,0.014581453209153465
0.227,0.9458066391618869,0.46205779098028626,0.6798251253696799,0.791056290941736,0.726683343629013,0.7039322150710866,0.8759310927381165,34220,39840,4847,84592,0.8585310332416014,0.8735997872319208,0.15257531756726536,0.014581453209153465
0.228,0.9458066391618869,0.46205779098028626,0.6798251253696799,0.791056290941736,0.726683343629013,0.7039322150710866,0.8759310927381165,34220,39840,4847,84592,0.8585310332416014,0.8735997872319208,0.15257531756726536,0.014581453209153465
0.229,0.9458066391618869,0.46205779098028626,0.6798251253696799,0.791056290941736,0.726683343629013,0.7039322150710866,0.8759310927381165,34220,39840,4847,84592,0.8585310332416014,0.8735997872319208,0.15257531756726536,0.014581453209153465
0.23,0.9458066391618869,0.46205779098028626,0.6798251253696799,0.791056290941736,0.726683343629013,0.7039322150710866,0.8759310927381165,34220,39840,4847,84592,0.8585310332416014,0.8735997872319208,0.15257531756726536,0.014581453209153465
0.231,0.9458066391618869,0.46205779098028626,0.6798251253696799,0.791056290941736,0.726683343629013,0.7039322150710866,0.8759310927381165,34220,39840,4847,84592,0.8585310332416014,0.8735997872319208,0.15257531756726536,0.014581453209153465
0.232,0.9458066391618869,0.46205779098028626,0.6798251253696799,0.791056290941736,0.726683343629013,0.7039322150710866,0.8759310927381165,34220,39840,4847,84592,0.8585310332416014,0.8735997872319208,0.15257531756726536,0.014581453209153465
0.233,0.9458066391618869,0.46205779098028626,0.6798251253696799,0.791056290941736,0.726683343629013,0.7039322150710866,0.8759310927381165,34220,39840,4847,84592,0.8585310332416014,0.8735997872319208,0.15257531756726536,0.014581453209153465
0.234,0.9458066391618869,0.46205779098028626,0.6798251253696799,0.791056290941736,0.726683343629013,0.7039322150710866,0.8759310927381165,34220,39840,4847,84592,0.8585310332416014,0.8735997872319208,0.15257531756726536,0.014581453209153465
0.235,0.9458066391618869,0.46205779098028626,0.6798251253696799,0.791056290941736,0.726683343629013,0.7039322150710866,0.8759310927381165,34220,39840,4847,84592,0.8585310332416014,0.8735997872319208,0.15257531756726536,0.014581453209153465
0.236,0.9458066391618869,0.46205779098028626,0.6798251253696799,0.791056290941736,0.726683343629013,0.7039322150710866,0.8759310927381165,34220,39840,4847,84592,0.8585310332416014,0.8735997872319208,0.15257531756726536,0.014581453209153465
0.237,0.9458066391618869,0.46205779098028626,0.6798251253696799,0.791056290941736,0.726683343629013,0.7039322150710866,0.8759310927381165,34220,39840,4847,84592,0.8585310332416014,0.8735997872319208,0.15257531756726536,0.014581453209153465
0.238,0.9458066391618869,0.46205779098028626,0.6798251253696799,0.791056290941736,0.726683343629013,0.7039322150710866,0.8759310927381165,34220,39840,4847,84592,0.8585310332416014,0.8735997872319208,0.15257531756726536,0.014581453209153465
0.239,0.9458066391618869,0.46205779098028626,0.6798251253696799,0.791056290941736,0.726683343629013,0.7039322150710866,0.8759310927381165,34220,39840,4847,84592,0.8585310332416014,0.8735997872319208,0.15257531756726536,0.014581453209153465
0.24,0.9458066391618869,0.46205779098028626,0.6798251253696799,0.791056290941736,0.726683343629013,0.7039322150710866,0.8759310927381165,34220,39840,4847,84592,0.8585310332416014,0.8735997872319208,0.15257531756726536,0.014581453209153465
0.241,0.9458066391618869,0.46205779098028626,0.6798251253696799,0.791056290941736,0.726683343629013,0.7039322150710866,0.8759310927381165,34220,39840,4847,84592,0.8585310332416014,0.8735997872319208,0.15257531756726536,0.014581453209153465
0.242,0.9458066391618869,0.46205779098028626,0.6798251253696799,0.791056290941736,0.726683343629013,0.7039322150710866,0.8759310927381165,34220,39840,4847,84592,0.8585310332416014,0.8735997872319208,0.15257531756726536,0.014581453209153465
0.243,0.9458066391618869,0.46205779098028626,0.6798251253696799,0.791056290941736,0.726683343629013,0.7039322150710866,0.8759310927381165,34220,39840,4847,84592,0.8585310332416014,0.8735997872319208,0.15257531756726536,0.014581453209153465
0.244,0.9458066391618869,0.46205779098028626,0.6798251253696799,0.791056290941736,0.726683343629013,0.7039322150710866,0.8759310927381165,34220,39840,4847,84592,0.8585310332416014,0.8735997872319208,0.15257531756726536,0.014581453209153465
0.245,0.9458066391618869,0.46205779098028626,0.6798251253696799,0.791056290941736,0.726683343629013,0.7039322150710866,0.8759310927381165,34220,39840,4847,84592,0.8585310332416014,0.8735997872319208,0.15257531756726536,0.014581453209153465
0.246,0.9458066391618869,0.46205779098028626,0.6798251253696799,0.791056290941736,0.726683343629013,0.7039322150710866,0.8759310927381165,34220,39840,4847,84592,0.8585310332416014,0.8735997872319208,0.15257531756726536,0.014581453209153465
0.247,0.9458066391618869,0.46205779098028626,0.6798251253696799,0.791056290941736,0.726683343629013,0.7039322150710866,0.8759310927381165,34220,39840,4847,84592,0.8585310332416014,0.8735997872319208,0.15257531756726536,0.014581453209153465
0.248,0.9458066391618869,0.46205779098028626,0.6798251253696799,0.791056290941736,0.726683343629013,0.7039322150710866,0.8759310927381165,34220,39840,4847,84592,0.8585310332416014,0.8735997872319208,0.15257531756726536,0.014581453209153465
0.249,0.9458066391618869,0.46205779098028626,0.6798251253696799,0.791056290941736,0.726683343629013,0.7039322150710866,0.8759310927381165,34220,39840,4847,84592,0.8585310332416014,0.8735997872319208,0.15257531756726536,0.014581453209153465
0.25,0.9458066391618869,0.46205779098028626,0.6798251253696799,0.791056290941736,0.726683343629013,0.7039322150710866,0.8759310927381165,34220,39840,4847,84592,0.8585310332416014,0.8735997872319208,0.15257531756726536,0.014581453209153465
0.251,0.9457954583570926,0.46208479611126113,0.6798334793335958,0.7910580357977817,0.7266894598743723,0.7039401272341769,0.8759150243153314,34222,39838,4848,84591,0.8585310332416014,0.8735997872319208,0.15257531756726536,0.014581453209153465
0.252,0.9457954583570926,0.46208479611126113,0.6798334793335958,0.7910580357977817,0.7266894598743723,0.7039401272341769,0.8759150243153314,34222,39838,4848,84591,0.8585310332416014,0.8735997872319208,0.15257531756726536,0.014581453209153465
0.253,0.9457954583570926,0.46208479611126113,0.6798334793335958,0.7910580357977817,0.7266894598743723,0.7039401272341769,0.8759150243153314,34222,39838,4848,84591,0.8585310332416014,0.8735997872319208,0.15257531756726536,0.014581453209153465
0.254,0.9457954583570926,0.46208479611126113,0.6798334793335958,0.7910580357977817,0.7266894598743723,0.7039401272341769,0.8759150243153314,34222,39838,4848,84591,0.8585310332416014,0.8735997872319208,0.15257531756726536,0.014581453209153465
0.255,0.9457954583570926,0.46208479611126113,0.6798334793335958,0.7910580357977817,0.7266894598743723,0.7039401272341769,0.8759150243153314,34222,39838,4848,84591,0.8585310332416014,0.8735997872319208,0.15257531756726536,0.014581453209153465
0.256,0.9457954583570926,0.46208479611126113,0.6798334793335958,0.7910580357977817,0.7266894598743723,0.7039401272341769,0.8759150243153314,34222,39838,4848,84591,0.8585310332416014,0.8735997872319208,0.15257531756726536,0.014581453209153465
0.257,0.9457954583570926,0.46208479611126113,0.6798334793335958,0.7910580357977817,0.7266894598743723,0.7039401272341769,0.8759150243153314,34222,39838,4848,84591,0.8585310332416014,0.8735997872319208,0.15257531756726536,0.014581453209153465
0.258,0.9457954583570926,0.46208479611126113,0.6798334793335958,0.7910580357977817,0.7266894598743723,0.7039401272341769,0.8759150243153314,34222,39838,4848,84591,0.8585310332416014,0.8735997872319208,0.15257531756726536,0.014581453209153465
0.259,0.9457954583570926,0.4621658115041858,0.6798662626684777,0.7910802293067493,0.7267261573465281,0.7039806349306392,0.8759340771829256,34228,39832,4848,84591,0.8585310332416014,0.8735997872319208,0.15257531756726536,0.014581453209153465
0.26,0.9457954583570926,0.4621658115041858,0.6798662626684777,0.7910802293067493,0.7267261573465281,0.7039806349306392,0.8759340771829256,34228,39832,4848,84591,0.8585310332416014,0.8735997872319208,0.15257531756726536,0.014581453209153465
0.261,0.9385502968503673,0.4915743991358358,0.6903377550432988,0.7955325157792983,0.7360840127462553,0.7150623479931015,0.868836809698821,36406,37654,5496,83943,0.8585310332416014,0.8735997872319208,0.15257531756726536,0.014581453209153465
0.262,0.9385502968503673,0.4915743991358358,0.6903377550432988,0.7955325157792983,0.7360840127462553,0.7150623479931015,0.868836809698821,36406,37654,5496,83943,0.8585310332416014,0.8735997872319208,0.15257531756726536,0.014581453209153465
0.263,0.9385502968503673,0.4915743991358358,0.6903377550432988,0.7955325157792983,0.7360840127462553,0.7150623479931015,0.868836809698821,36406,37654,5496,83943,0.8585310332416014,0.8735997872319208,0.15257531756726536,0.014581453209153465
0.264,0.9385502968503673,0.4915743991358358,0.6903377550432988,0.7955325157792983,0.7360840127462553,0.7150623479931015,0.868836809698821,36406,37654,5496,83943,0.8585310332416014,0.8735997872319208,0.15257531756726536,0.014581453209153465
0.265,0.9385502968503673,0.4915743991358358,0.6903377550432988,0.7955325157792983,0.7360840127462553,0.7150623479931015,0.868836809698821,36406,37654,5496,83943,0.8585310332416014,0.8735997872319208,0.15257531756726536,0.014581453209153465
0.266,0.9385502968503673,0.4915743991358358,0.6903377550432988,0.7955325157792983,0.7360840127462553,0.7150623479931015,0.868836809698821,36406,37654,5496,83943,0.8585310332416014,0.8735997872319208,0.15257531756726536,0.014581453209153465
0.267,0.9385502968503673,0.4915743991358358,0.6903377550432988,0.7955325157792983,0.7360840127462553,0.7150623479931015,0.868836809698821,36406,37654,5496,83943,0.8585310332416014,0.8735997872319208,0.15257531756726536,0.014581453209153465
0.268,0.9385502968503673,0.4915743991358358,0.6903377550432988,0.7955325157792983,0.7360840127462553,0.7150623479931015,0.868836809698821,36406,37654,5496,83943,0.8585310332416014,0.8735997872319208,0.15257531756726536,0.014581453209153465
0.269,0.9385502968503673,0.4915743991358358,0.6903377550432988,0.7955325157792983,0.7360840127462553,0.7150623479931015,0.868836809698821,36406,37654,5496,83943,0.8585310332416014,0.8735997872319208,0.15257531756726536,0.014581453209153465
0.27,0.9385502968503673,0.4915743991358358,0.6903377550432988,0.7955325157792983,0.7360840127462553,0.7150623479931015,0.868836809698821,36406,37654,5496,83943,0.8585310332416014,0.8735997872319208,0.15257531756726536,0.014581453209153465
0.271,0.9385502968503673,0.4915743991358358,0.6903377550432988,0.7955325157792983,0.7360840127462553,0.7150623479931015,0.868836809698821,36406,37654,5496,83943,0.8585310332416014,0.8735997872319208,0.15257531756726536,0.014581453209153465
0.272,0.9385502968503673,0.4915743991358358,0.6903377550432988,0.7955325157792983,0.7360840127462553,0.7150623479931015,0.868836809698821,36406,37654,5496,83943,0.8585310332416014,0.8735997872319208,0.15257531756726536,0.014581453209153465
0.273,0.9385502968503673,0.4915743991358358,0.6903377550432988,0.7955325157792983,0.7360840127462553,0.7150623479931015,0.868836809698821,36406,37654,5496,83943,0.8585310332416014,0.8735997872319208,0.15257531756726536,0.014581453209153465
0.274,0.9385502968503673,0.4915743991358358,0.6903377550432988,0.7955325157792983,0.7360840127462553,0.7150623479931015,0.868836809698821,36406,37654,5496,83943,0.8585310332416014,0.8735997872319208,0.15257531756726536,0.014581453209153465
0.275,0.9385502968503673,0.4915743991358358,0.6903377550432988,0.7955325157792983,0.7360840127462553,0.7150623479931015,0.868836809698821,36406,37654,5496,83943,0.8585310332416014,0.8735997872319208,0.15257531756726536,0.014581453209153465
0.276,0.9385502968503673,0.4915743991358358,0.6903377550432988,0.7955325157792983,0.7360840127462553,0.7150623479931015,0.868836809698821,36406,37654,5496,83943,0.8585310332416014,0.8735997872319208,0.15257531756726536,0.014581453209153465
0.277,0.9385502968503673,0.4915743991358358,0.6903377550432988,0.7955325157792983,0.7360840127462553,0.7150623479931015,0.868836809698821,36406,37654,5496,83943,0.8585310332416014,0.8735997872319208,0.15257531756726536,0.014581453209153465
0.278,0.9385502968503673,0.4915743991358358,0.6903377550432988,0.7955325157792983,0.7360840127462553,0.7150623479931015,0.868836809698821,36406,37654,5496,83943,0.8585310332416014,0.8735997872319208,0.15257531756726536,0.014581453209153465
0.279,0.9385502968503673,0.4915743991358358,0.6903377550432988,0.7955325157792983,0.7360840127462553,0.7150623479931015,0.868836809698821,36406,37654,5496,83943,0.8585310332416014,0.8735997872319208,0.15257531756726536,0.014581453209153465
0.28,0.9385502968503673,0.4915743991358358,0.6903377550432988,0.7955325157792983,0.7360840127462553,0.7150623479931015,0.868836809698821,36406,37654,5496,83943,0.8585310332416014,0.8735997872319208,0.15257531756726536,0.014581453209153465
0.281,0.9385502968503673,0.4915743991358358,0.6903377550432988,0.7955325157792983,0.7360840127462553,0.7150623479931015,0.868836809698821,36406,37654,5496,83943,0.8585310332416014,0.8735997872319208,0.15257531756726536,0.014581453209153465
0.282,0.9385502968503673,0.4915743991358358,0.6903377550432988,0.7955325157792983,0.7360840127462553,0.7150623479931015,0.868836809698821,36406,37654,5496,83943,0.8585310332416014,0.8735997872319208,0.15257531756726536,0.014581453209153465
0.283,0.9385502968503673,0.4915743991358358,0.6903377550432988,0.7955325157792983,0.7360840127462553,0.7150623479931015,0.868836809698821,36406,37654,5496,83943,0.8585310332416014,0.8735997872319208,0.15257531756726536,0.014581453209153465
0.284,0.9385502968503673,0.4915743991358358,0.6903377550432988,0.7955325157792983,0.7360840127462553,0.7150623479931015,0.868836809698821,36406,37654,5496,83943,0.8585310332416014,0.8735997872319208,0.15257531756726536,0.014581453209153465
0.285,0.9385502968503673,0.4915743991358358,0.6903377550432988,0.7955325157792983,0.7360840127462553,0.7150623479931015,0.868836809698821,36406,37654,5496,83943,0.8585310332416014,0.8735997872319208,0.15257531756726536,0.014581453209153465
0.286,0.9355985643846644,0.5001890359168242,0.6933095820042255,0.7964346559814214,0.7383714885106331,0.7178938001507442,0.8654331370899916,37044,37016,5760,83679,0.8585310332416014,0.8735997872319208,0.15257531756726536,0.014581453209153465
0.287,0.9355985643846644,0.5001890359168242,0.6933095820042255,0.7964346559814214,0.7383714885106331,0.7178938001507442,0.8654331370899916,37044,37016,5760,83679,0.8585310332416014,0.8735997872319208,0.15257531756726536,0.014581453209153465
0.288,0.9355985643846644,0.5001890359168242,0.6933095820042255,0.7964346559814214,0.7383714885106331,0.7178938001507442,0.8654331370899916,37044,37016,5760,83679,0.8585310332416014,0.8735997872319208,0.15257531756726536,0.014581453209153465
0.289,0.9355985643846644,0.5001890359168242,0.6933095820042255,0.7964346559814214,0.7383714885106331,0.7178938001507442,0.8654331370899916,37044,37016,5760,83679,0.8585310332416014,0.8735997872319208,0.15257531756726536,0.014581453209153465
0.29,0.9355985643846644,0.5001890359168242,0.6933095820042255,0.7964346559814214,0.7383714885106331,0.7178938001507442,0.8654331370899916,37044,37016,5760,83679,0.8585310332416014,0.8735997872319208,0.15257531756726536,0.014581453209153465
0.291,0.9355985643846644,0.5001890359168242,0.6933095820042255,0.7964346559814214,0.7383714885106331,0.7178938001507442,0.8654331370899916,37044,37016,5760,83679,0.8585310332416014,0.8735997872319208,0.15257531756726536,0.014581453209153465
0.292,0.9182347745390713,0.5530785849311369,0.712744630071599,0.8025446585623266,0.7528302925400155,0.7356566797351041,0.8485105854082943,40961,33099,7313,82126,0.8585310332416014,0.8735997872319208,0.15257531756726536,0.014581453209153465
0.293,0.9182347745390713,0.5530920874966243,0.7127508158022634,0.8025485798605512,0.7528364087853748,0.7356634310178478,0.8485137234593475,40962,33098,7313,82126,0.8585310332416014,0.8735997872319208,0.15257531756726536,0.014581453209153465
0.294,0.9182347745390713,0.5530920874966243,0.7127508158022634,0.8025485798605512,0.7528364087853748,0.7356634310178478,0.8485137234593475,40962,33098,7313,82126,0.8585310332416014,0.8735997872319208,0.15257531756726536,0.014581453209153465
0.295,0.9182347745390713,0.5531055900621118,0.7127570016402975,0.8025525011970956,0.7528425250307341,0.7356701823005916,0.8485168613803961,40963,33097,7313,82126,0.8585310332416014,0.8735997872319208,0.15257531756726536,0.014581453209153465
0.296,0.9166471002582766,0.5558736159870376,0.713673874438525,0.80252551207694,0.75322784848837,0.736260358122657,0.8466774983032721,41168,32892,7455,81984,0.8585310332416014,0.8735997872319208,0.15257531756726536,0.014581453209153465
0.297,0.9166471002582766,0.5558736159870376,0.713673874438525,0.80252551207694,0.75322784848837,0.736260358122657,0.8466774983032721,41168,32892,7455,81984,0.8585310332416014,0.8735997872319208,0.15257531756726536,0.014581453209153465
0.298,0.9166471002582766,0.5558736159870376,0.713673874438525,0.80252551207694,0.75322784848837,0.736260358122657,0.8466774983032721,41168,32892,7455,81984,0.8585310332416014,0.8735997872319208,0.15257531756726536,0.014581453209153465
0.299,0.9166471002582766,0.5558736159870376,0.713673874438525,0.80252551207694,0.75322784848837,0.736260358122657,0.8466774983032721,41168,32892,7455,81984,0.8585310332416014,0.8735997872319208,0.15257531756726536,0.014581453209153465
0.3,0.9166471002582766,0.5558736159870376,0.713673874438525,0.80252551207694,0.75322784848837,0.736260358122657,0.8466774983032721,41168,32892,7455,81984,0.8585310332416014,0.8735997872319208,0.15257531756726536,0.014581453209153465
0.301,0.9166471002582766,0.5558736159870376,0.713673874438525,0.80252551207694,0.75322784848837,0.736260358122657,0.8466774983032721,41168,32892,7455,81984,0.8585310332416014,0.8735997872319208,0.15257531756726536,0.014581453209153465
0.302,0.9166471002582766,0.5558736159870376,0.713673874438525,0.80252551207694,0.75322784848837,0.736260358122657,0.8466774983032721,41168,32892,7455,81984,0.8585310332416014,0.8735997872319208,0.15257531756726536,0.014581453209153465
0.303,0.9166471002582766,0.5558736159870376,0.713673874438525,0.80252551207694,0.75322784848837,0.736260358122657,0.8466774983032721,41168,32892,7455,81984,0.8585310332416014,0.8735997872319208,0.15257531756726536,0.014581453209153465
0.304,0.9166471002582766,0.5558736159870376,0.713673874438525,0.80252551207694,0.75322784848837,0.736260358122657,0.8466774983032721,41168,32892,7455,81984,0.8585310332416014,0.8735997872319208,0.15257531756726536,0.014581453209153465
0.305,0.9166471002582766,0.5558736159870376,0.713673874438525,0.80252551207694,0.75322784848837,0.736260358122657,0.8466774983032721,41168,32892,7455,81984,0.8585310332416014,0.8735997872319208,0.15257531756726536,0.014581453209153465
0.306,0.9166471002582766,0.5558736159870376,0.713673874438525,0.80252551207694,0.75322784848837,0.736260358122657,0.8466774983032721,41168,32892,7455,81984,0.8585310332416014,0.8735997872319208,0.15257531756726536,0.014581453209153465
0.307,0.9166471002582766,0.5558736159870376,0.713673874438525,0.80252551207694,0.75322784848837,0.736260358122657,0.8466774983032721,41168,32892,7455,81984,0.8585310332416014,0.8735997872319208,0.15257531756726536,0.014581453209153465
0.308,0.9166471002582766,0.5558736159870376,0.713673874438525,0.80252551207694,0.75322784848837,0.736260358122657,0.8466774983032721,41168,32892,7455,81984,0.8585310332416014,0.8735997872319208,0.15257531756726536,0.014581453209153465
0.309,0.9166471002582766,0.5558736159870376,0.713673874438525,0.80252551207694,0.75322784848837,0.736260358122657,0.8466774983032721,41168,32892,7455,81984,0.8585310332416014,0.8735997872319208,0.15257531756726536,0.014581453209153465
0.31,0.9166471002582766,0.5558736159870376,0.713673874438525,0.80252551207694,0.75322784848837,0.736260358122657,0.8466774983032721,41168,32892,7455,81984,0.8585310332416014,0.8735997872319208,0.15257531756726536,0.014581453209153465
0.311,0.9166471002582766,0.5558736159870376,0.713673874438525,0.80252551207694,0.75322784848837,0.736260358122657,0.8466774983032721,41168,32892,7455,81984,0.8585310332416014,0.8735997872319208,0.15257531756726536,0.014581453209153465
0.312,0.9166471002582766,0.5558736159870376,0.713673874438525,0.80252551207694,0.75322784848837,0.736260358122657,0.8466774983032721,41168,32892,7455,81984,0.8585310332416014,0.8735997872319208,0.15257531756726536,0.014581453209153465
0.313,0.9166471002582766,0.5558736159870376,0.713673874438525,0.80252551207694,0.75322784848837,0.736260358122657,0.8466774983032721,41168,32892,7455,81984,0.8585310332416014,0.8735997872319208,0.15257531756726536,0.014581453209153465
0.314,0.9166471002582766,0.5558736159870376,0.713673874438525,0.80252551207694,0.75322784848837,0.736260358122657,0.8466774983032721,41168,32892,7455,81984,0.8585310332416014,0.8735997872319208,0.15257531756726536,0.014581453209153465
0.315,0.9166471002582766,0.5558736159870376,0.713673874438525,0.80252551207694,0.75322784848837,0.736260358122657,0.8466774983032721,41168,32892,7455,81984,0.8585310332416014,0.8735997872319208,0.15257531756726536,0.014581453209153465
0.316,0.9166471002582766,0.5558736159870376,0.713673874438525,0.80252551207694,0.75322784848837,0.736260358122657,0.8466774983032721,41168,32892,7455,81984,0.8585310332416014,0.8735997872319208,0.15257531756726536,0.014581453209153465
0.317,0.9166471002582766,0.5558736159870376,0.713673874438525,0.80252551207694,0.75322784848837,0.736260358122657,0.8466774983032721,41168,32892,7455,81984,0.8585310332416014,0.8735997872319208,0.15257531756726536,0.014581453209153465
0.318,0.9166471002582766,0.5558736159870376,0.713673874438525,0.80252551207694,0.75322784848837,0.736260358122657,0.8466774983032721,41168,32892,7455,81984,0.8585310332416014,0.8735997872319208,0.15257531756726536,0.014581453209153465
0.319,0.9166471002582766,0.5558736159870376,0.713673874438525,0.80252551207694,0.75322784848837,0.736260358122657,0.8466774983032721,41168,32892,7455,81984,0.8585310332416014,0.8735997872319208,0.15257531756726536,0.014581453209153465
0.32,0.9166471002582766,0.5558736159870376,0.713673874438525,0.80252551207694,0.75322784848837,0.736260358122657,0.8466774983032721,41168,32892,7455,81984,0.8585310332416014,0.8735997872319208,0.15257531756726536,0.014581453209153465
0.321,0.9166471002582766,0.5558736159870376,0.713673874438525,0.80252551207694,0.75322784848837,0.736260358122657,0.8466774983032721,41168,32892,7455,81984,0.8585310332416014,0.8735997872319208,0.15257531756726536,0.014581453209153465
0.322,0.9166471002582766,0.5558736159870376,0.713673874438525,0.80252551207694,0.75322784848837,0.736260358122657,0.8466774983032721,41168,32892,7455,81984,0.8585310332416014,0.8735997872319208,0.15257531756726536,0.014581453209153465
0.323,0.9166471002582766,0.5558736159870376,0.713673874438525,0.80252551207694,0.75322784848837,0.736260358122657,0.8466774983032721,41168,32892,7455,81984,0.8585310332416014,0.8735997872319208,0.15257531756726536,0.014581453209153465
0.324,0.9166471002582766,0.5558736159870376,0.713673874438525,0.80252551207694,0.75322784848837,0.736260358122657,0.8466774983032721,41168,32892,7455,81984,0.8585310332416014,0.8735997872319208,0.15257531756726536,0.014581453209153465
0.325,0.9166471002582766,0.5558736159870376,0.713673874438525,0.80252551207694,0.75322784848837,0.736260358122657,0.8466774983032721,41168,32892,7455,81984,0.8585310332416014,0.8735997872319208,0.15257531756726536,0.014581453209153465
0.326,0.9151041491966592,0.5599783958952201,0.7152244962161596,0.8029116165455946,0.7542431452180136,0.7375412725459396,0.8452461021094466,41472,32588,7593,81846,0.8585310332416014,0.8735997872319208,0.15257531756726536,0.014581453209153465
0.327,0.9151041491966592,0.5599783958952201,0.7152244962161596,0.8029116165455946,0.7542431452180136,0.7375412725459396,0.8452461021094466,41472,32588,7593,81846,0.8585310332416014,0.8735997872319208,0.15257531756726536,0.014581453209153465
0.328,0.9151041491966592,0.5599783958952201,0.7152244962161596,0.8029116165455946,0.7542431452180136,0.7375412725459396,0.8452461021094466,41472,32588,7593,81846,0.8585310332416014,0.8735997872319208,0.15257531756726536,0.014581453209153465
0.329,0.9151041491966592,0.5599783958952201,0.7152244962161596,0.8029116165455946,0.7542431452180136,0.7375412725459396,0.8452461021094466,41472,32588,7593,81846,0.8585310332416014,0.8735997872319208,0.15257531756726536,0.014581453209153465
0.33,0.9151041491966592,0.5599783958952201,0.7152244962161596,0.8029116165455946,0.7542431452180136,0.7375412725459396,0.8452461021094466,41472,32588,7593,81846,0.8585310332416014,0.8735997872319208,0.15257531756726536,0.014581453209153465
0.331,0.9151041491966592,0.5599783958952201,0.7152244962161596,0.8029116165455946,0.7542431452180136,0.7375412725459396,0.8452461021094466,41472,32588,7593,81846,0.8585310332416014,0.8735997872319208,0.15257531756726536,0.014581453209153465
0.332,0.9151041491966592,0.5599783958952201,0.7152244962161596,0.8029116165455946,0.7542431452180136,0.7375412725459396,0.8452461021094466,41472,32588,7593,81846,0.8585310332416014,0.8735997872319208,0.15257531756726536,0.014581453209153465
0.333,0.9151041491966592,0.5599783958952201,0.7152244962161596,0.8029116165455946,0.7542431452180136,0.7375412725459396,0.8452461021094466,41472,32588,7593,81846,0.8585310332416014,0.8735997872319208,0.15257531756726536,0.014581453209153465
0.334,0.9151041491966592,0.5599783958952201,0.7152244962161596,0.8029116165455946,0.7542431452180136,0.7375412725459396,0.8452461021094466,41472,32588,7593,81846,0.8585310332416014,0.8735997872319208,0.15257531756726536,0.014581453209153465
0.335,0.9151041491966592,0.5599783958952201,0.7152244962161596,0.8029116165455946,0.7542431452180136,0.7375412725459396,0.8452461021094466,41472,32588,7593,81846,0.8585310332416014,0.8735997872319208,0.15257531756726536,0.014581453209153465
0.336,0.9151041491966592,0.5599783958952201,0.7152244962161596,0.8029116165455946,0.7542431452180136,0.7375412725459396,0.8452461021094466,41472,32588,7593,81846,0.8585310332416014,0.8735997872319208,0.15257531756726536,0.014581453209153465
0.337,0.9151041491966592,0.5599783958952201,0.7152244962161596,0.8029116165455946,0.7542431452180136,0.7375412725459396,0.8452461021094466,41472,32588,7593,81846,0.8585310332416014,0.8735997872319208,0.15257531756726536,0.014581453209153465
0.338,0.9151041491966592,0.5599783958952201,0.7152244962161596,0.8029116165455946,0.7542431452180136,0.7375412725459396,0.8452461021094466,41472,32588,7593,81846,0.8585310332416014,0.8735997872319208,0.15257531756726536,0.014581453209153465
0.339,0.9151041491966592,0.5599783958952201,0.7152244962161596,0.8029116165455946,0.7542431452180136,0.7375412725459396,0.8452461021094466,41472,32588,7593,81846,0.8585310332416014,0.8735997872319208,0.15257531756726536,0.014581453209153465
0.34,0.9151041491966592,0.5599783958952201,0.7152244962161596,0.8029116165455946,0.7542431452180136,0.7375412725459396,0.8452461021094466,41472,32588,7593,81846,0.8585310332416014,0.8735997872319208,0.15257531756726536,0.014581453209153465
0.341,0.9151041491966592,0.5599783958952201,0.7152244962161596,0.8029116165455946,0.7542431452180136,0.7375412725459396,0.8452461021094466,41472,32588,7593,81846,0.8585310332416014,0.8735997872319208,0.15257531756726536,0.014581453209153465
0.342,0.9151041491966592,0.5599783958952201,0.7152244962161596,0.8029116165455946,0.7542431452180136,0.7375412725459396,0.8452461021094466,41472,32588,7593,81846,0.8585310332416014,0.8735997872319208,0.15257531756726536,0.014581453209153465
0.343,0.9151041491966592,0.5599783958952201,0.7152244962161596,0.8029116165455946,0.7542431452180136,0.7375412725459396,0.8452461021094466,41472,32588,7593,81846,0.8585310332416014,0.8735997872319208,0.15257531756726536,0.014581453209153465
0.344,0.9151041491966592,0.5599783958952201,0.7152244962161596,0.8029116165455946,0.7542431452180136,0.7375412725459396,0.8452461021094466,41472,32588,7593,81846,0.8585310332416014,0.8735997872319208,0.15257531756726536,0.014581453209153465
0.345,0.9151041491966592,0.5599783958952201,0.7152244962161596,0.8029116165455946,0.7542431452180136,0.7375412725459396,0.8452461021094466,41472,32588,7593,81846,0.8585310332416014,0.8735997872319208,0.15257531756726536,0.014581453209153465
0.346,0.9130133387001196,0.565649473399946,0.7173956969787485,0.8034693455865713,0.7556682303867301,0.7393314060500328,0.8433725237558383,41892,32168,7780,81659,0.8585310332416014,0.8735997872319208,0.15257531756726536,0.014581453209153465
0.347,0.9130133387001196,0.565649473399946,0.7173956969787485,0.8034693455865713,0.7556682303867301,0.7393314060500328,0.8433725237558383,41892,32168,7780,81659,0.8585310332416014,0.8735997872319208,0.15257531756726536,0.014581453209153465
0.348,0.9130133387001196,0.565649473399946,0.7173956969787485,0.8034693455865713,0.7556682303867301,0.7393314060500328,0.8433725237558383,41892,32168,7780,81659,0.8585310332416014,0.8735997872319208,0.15257531756726536,0.014581453209153465
0.349,0.9130133387001196,0.565649473399946,0.7173956969787485,0.8034693455865713,0.7556682303867301,0.7393314060500328,0.8433725237558383,41892,32168,7780,81659,0.8585310332416014,0.8735997872319208,0.15257531756726536,0.014581453209153465
0.35,0.9130133387001196,0.5656629759654335,0.7174019995431624,0.803473298403562,0.7556743466320895,0.7393381573327765,0.8433756769271032,41893,32167,7780,81659,0.8585310332416014,0.8735997872319208,0.15257531756726536,0.014581453209153465
0.351,0.9089547065597782,0.5772211720226843,0.7219444617119717,0.804727636280847,0.7586896555942239,0.7430879392912313,0.8399944981529514,42749,31311,8143,81296,0.8585310332416014,0.8735997872319208,0.15257531756726536,0.014581453209153465
0.352,0.9089547065597782,0.5772211720226843,0.7219444617119717,0.804727636280847,0.7586896555942239,0.7430879392912313,0.8399944981529514,42749,31311,8143,81296,0.8585310332416014,0.8735997872319208,0.15257531756726536,0.014581453209153465
0.353,0.9089547065597782,0.5772211720226843,0.7219444617119717,0.804727636280847,0.7586896555942239,0.7430879392912313,0.8399944981529514,42749,31311,8143,81296,0.8585310332416014,0.8735997872319208,0.15257531756726536,0.014581453209153465
0.354,0.9089547065597782,0.5772211720226843,0.7219444617119717,0.804727636280847,0.7586896555942239,0.7430879392912313,0.8399944981529514,42749,31311,8143,81296,0.8585310332416014,0.8735997872319208,0.15257531756726536,0.014581453209153465
0.355,0.9089547065597782,0.5772211720226843,0.7219444617119717,0.804727636280847,0.7586896555942239,0.7430879392912313,0.8399944981529514,42749,31311,8143,81296,0.8585310332416014,0.8735997872319208,0.15257531756726536,0.014581453209153465
0.356,0.9089547065597782,0.5772211720226843,0.7219444617119717,0.804727636280847,0.7586896555942239,0.7430879392912313,0.8399944981529514,42749,31311,8143,81296,0.8585310332416014,0.8735997872319208,0.15257531756726536,0.014581453209153465
0.357,0.9089547065597782,0.5772211720226843,0.7219444617119717,0.804727636280847,0.7586896555942239,0.7430879392912313,0.8399944981529514,42749,31311,8143,81296,0.8585310332416014,0.8735997872319208,0.15257531756726536,0.014581453209153465
0.358,0.9089547065597782,0.5772211720226843,0.7219444617119717,0.804727636280847,0.7586896555942239,0.7430879392912313,0.8399944981529514,42749,31311,8143,81296,0.8585310332416014,0.8735997872319208,0.15257531756726536,0.014581453209153465
0.359,0.9089547065597782,0.5772211720226843,0.7219444617119717,0.804727636280847,0.7586896555942239,0.7430879392912313,0.8399944981529514,42749,31311,8143,81296,0.8585310332416014,0.8735997872319208,0.15257531756726536,0.014581453209153465
0.36,0.9089547065597782,0.5772211720226843,0.7219444617119717,0.804727636280847,0.7586896555942239,0.7430879392912313,0.8399944981529514,42749,31311,8143,81296,0.8585310332416014,0.8735997872319208,0.15257531756726536,0.014581453209153465
0.361,0.90684153445365,0.5826357007831487,0.72405974093218,0.8052080851401796,0.7599862996103952,0.7447386176183994,0.8381570257565751,43150,30910,8332,81107,0.8585310332416014,0.8735997872319208,0.15257531756726536,0.014581453209153465
0.362,0.90684153445365,0.5826357007831487,0.72405974093218,0.8052080851401796,0.7599862996103952,0.7447386176183994,0.8381570257565751,43150,30910,8332,81107,0.8585310332416014,0.8735997872319208,0.15257531756726536,0.014581453209153465
0.363,0.90684153445365,0.5826357007831487,0.72405974093218,0.8052080851401796,0.7599862996103952,0.7447386176183994,0.8381570257565751,43150,30910,8332,81107,0.8585310332416014,0.8735997872319208,0.15257531756726536,0.014581453209153465
0.364,0.90684153445365,0.5826357007831487,0.72405974093218,0.8052080851401796,0.7599862996103952,0.7447386176183994,0.8381570257565751,43150,30910,8332,81107,0.8585310332416014,0.8735997872319208,0.15257531756726536,0.014581453209153465
0.365,0.90684153445365,0.5826357007831487,0.72405974093218,0.8052080851401796,0.7599862996103952,0.7447386176183994,0.8381570257565751,43150,30910,8332,81107,0.8585310332416014,0.8735997872319208,0.15257531756726536,0.014581453209153465
0.366,0.90684153445365,0.5826357007831487,0.72405974093218,0.8052080851401796,0.7599862996103952,0.7447386176183994,0.8381570257565751,43150,30910,8332,81107,0.8585310332416014,0.8735997872319208,0.15257531756726536,0.014581453209153465
0.367,0.90684153445365,0.5826357007831487,0.72405974093218,0.8052080851401796,0.7599862996103952,0.7447386176183994,0.8381570257565751,43150,30910,8332,81107,0.8585310332416014,0.8735997872319208,0.15257531756726536,0.014581453209153465
0.368,0.90684153445365,0.5826357007831487,0.72405974093218,0.8052080851401796,0.7599862996103952,0.7447386176183994,0.8381570257565751,43150,30910,8332,81107,0.8585310332416014,0.8735997872319208,0.15257531756726536,0.014581453209153465
0.369,0.90684153445365,0.5826357007831487,0.72405974093218,0.8052080851401796,0.7599862996103952,0.7447386176183994,0.8381570257565751,43150,30910,8332,81107,0.8585310332416014,0.8735997872319208,0.15257531756726536,0.014581453209153465
0.37,0.90684153445365,0.5826357007831487,0.72405974093218,0.8052080851401796,0.7599862996103952,0.7447386176183994,0.8381570257565751,43150,30910,8332,81107,0.8585310332416014,0.8735997872319208,0.15257531756726536,0.014581453209153465
0.371,0.90684153445365,0.5826357007831487,0.72405974093218,0.8052080851401796,0.7599862996103952,0.7447386176183994,0.8381570257565751,43150,30910,8332,81107,0.8585310332416014,0.8735997872319208,0.15257531756726536,0.014581453209153465
0.372,0.90684153445365,0.5826357007831487,0.72405974093218,0.8052080851401796,0.7599862996103952,0.7447386176183994,0.8381570257565751,43150,30910,8332,81107,0.8585310332416014,0.8735997872319208,0.15257531756726536,0.014581453209153465
0.373,0.90684153445365,0.5826357007831487,0.72405974093218,0.8052080851401796,0.7599862996103952,0.7447386176183994,0.8381570257565751,43150,30910,8332,81107,0.8585310332416014,0.8735997872319208,0.15257531756726536,0.014581453209153465
0.374,0.90684153445365,0.5826357007831487,0.72405974093218,0.8052080851401796,0.7599862996103952,0.7447386176183994,0.8381570257565751,43150,30910,8332,81107,0.8585310332416014,0.8735997872319208,0.15257531756726536,0.014581453209153465
0.375,0.90684153445365,0.5826357007831487,0.72405974093218,0.8052080851401796,0.7599862996103952,0.7447386176183994,0.8381570257565751,43150,30910,8332,81107,0.8585310332416014,0.8735997872319208,0.15257531756726536,0.014581453209153465
0.376,0.90684153445365,0.5826357007831487,0.72405974093218,0.8052080851401796,0.7599862996103952,0.7447386176183994,0.8381570257565751,43150,30910,8332,81107,0.8585310332416014,0.8735997872319208,0.15257531756726536,0.014581453209153465
0.377,0.90684153445365,0.5826357007831487,0.72405974093218,0.8052080851401796,0.7599862996103952,0.7447386176183994,0.8381570257565751,43150,30910,8332,81107,0.8585310332416014,0.8735997872319208,0.15257531756726536,0.014581453209153465
0.378,0.90684153445365,0.5826357007831487,0.72405974093218,0.8052080851401796,0.7599862996103952,0.7447386176183994,0.8381570257565751,43150,30910,8332,81107,0.8585310332416014,0.8735997872319208,0.15257531756726536,0.014581453209153465
0.379,0.90684153445365,0.5826357007831487,0.72405974093218,0.8052080851401796,0.7599862996103952,0.7447386176183994,0.8381570257565751,43150,30910,8332,81107,0.8585310332416014,0.8735997872319208,0.15257531756726536,0.014581453209153465
0.38,0.90684153445365,0.5826357007831487,0.72405974093218,0.8052080851401796,0.7599862996103952,0.7447386176183994,0.8381570257565751,43150,30910,8332,81107,0.8585310332416014,0.8735997872319208,0.15257531756726536,0.014581453209153465
0.381,0.90684153445365,0.5826357007831487,0.72405974093218,0.8052080851401796,0.7599862996103952,0.7447386176183994,0.8381570257565751,43150,30910,8332,81107,0.8585310332416014,0.8735997872319208,0.15257531756726536,0.014581453209153465
0.382,0.90684153445365,0.5826357007831487,0.72405974093218,0.8052080851401796,0.7599862996103952,0.7447386176183994,0.8381570257565751,43150,30910,8332,81107,0.8585310332416014,0.8735997872319208,0.15257531756726536,0.014581453209153465
0.383,0.90684153445365,0.5826357007831487,0.72405974093218,0.8052080851401796,0.7599862996103952,0.7447386176183994,0.8381570257565751,43150,30910,8332,81107,0.8585310332416014,0.8735997872319208,0.15257531756726536,0.014581453209153465
0.384,0.90684153445365,0.5826357007831487,0.72405974093218,0.8052080851401796,0.7599862996103952,0.7447386176183994,0.8381570257565751,43150,30910,8332,81107,0.8585310332416014,0.8735997872319208,0.15257531756726536,0.014581453209153465
0.385,0.90684153445365,0.5826357007831487,0.72405974093218,0.8052080851401796,0.7599862996103952,0.7447386176183994,0.8381570257565751,43150,30910,8332,81107,0.8585310332416014,0.8735997872319208,0.15257531756726536,0.014581453209153465
0.386,0.90684153445365,0.5826357007831487,0.72405974093218,0.8052080851401796,0.7599862996103952,0.7447386176183994,0.8381570257565751,43150,30910,8332,81107,0.8585310332416014,0.8735997872319208,0.15257531756726536,0.014581453209153465
0.387,0.90684153445365,0.5826357007831487,0.72405974093218,0.8052080851401796,0.7599862996103952,0.7447386176183994,0.8381570257565751,43150,30910,8332,81107,0.8585310332416014,0.8735997872319208,0.15257531756726536,0.014581453209153465
0.388,0.90684153445365,0.5826357007831487,0.72405974093218,0.8052080851401796,0.7599862996103952,0.7447386176183994,0.8381570257565751,43150,30910,8332,81107,0.8585310332416014,0.8735997872319208,0.15257531756726536,0.014581453209153465
0.389,0.90684153445365,0.5826357007831487,0.72405974093218,0.8052080851401796,0.7599862996103952,0.7447386176183994,0.8381570257565751,43150,30910,8332,81107,0.8585310332416014,0.8735997872319208,0.15257531756726536,0.014581453209153465
0.39,0.90684153445365,0.5826357007831487,0.72405974093218,0.8052080851401796,0.7599862996103952,0.7447386176183994,0.8381570257565751,43150,30910,8332,81107,0.8585310332416014,0.8735997872319208,0.15257531756726536,0.014581453209153465
0.391,0.8807790784780688,0.6365109370780448,0.7453072963972146,0.8074000051246573,0.7701331506614719,0.7586450077780569,0.8155286057817068,47140,26920,10663,78776,0.8585310332416014,0.8735997872319208,0.15257531756726536,0.014581453209153465
0.392,0.8807790784780688,0.6365109370780448,0.7453072963972146,0.8074000051246573,0.7701331506614719,0.7586450077780569,0.8155286057817068,47140,26920,10663,78776,0.8585310332416014,0.8735997872319208,0.15257531756726536,0.014581453209153465
0.393,0.8807790784780688,0.6365109370780448,0.7453072963972146,0.8074000051246573,0.7701331506614719,0.7586450077780569,0.8155286057817068,47140,26920,10663,78776,0.8585310332416014,0.8735997872319208,0.15257531756726536,0.014581453209153465
0.394,0.8807790784780688,0.6365109370780448,0.7453072963972146,0.8074000051246573,0.7701331506614719,0.7586450077780569,0.8155286057817068,47140,26920,10663,78776,0.8585310332416014,0.8735997872319208,0.15257531756726536,0.014581453209153465
0.395,0.8807790784780688,0.6365109370780448,0.7453072963972146,0.8074000051246573,0.7701331506614719,0.7586450077780569,0.8155286057817068,47140,26920,10663,78776,0.8585310332416014,0.8735997872319208,0.15257531756726536,0.014581453209153465
0.396,0.8807790784780688,0.6365109370780448,0.7453072963972146,0.8074000051246573,0.7701331506614719,0.7586450077780569,0.8155286057817068,47140,26920,10663,78776,0.8585310332416014,0.8735997872319208,0.15257531756726536,0.014581453209153465
0.397,0.8807790784780688,0.6365109370780448,0.7453072963972146,0.8074000051246573,0.7701331506614719,0.7586450077780569,0.8155286057817068,47140,26920,10663,78776,0.8585310332416014,0.8735997872319208,0.15257531756726536,0.014581453209153465
0.398,0.8807790784780688,0.6365109370780448,0.7453072963972146,0.8074000051246573,0.7701331506614719,0.7586450077780569,0.8155286057817068,47140,26920,10663,78776,0.8585310332416014,0.8735997872319208,0.15257531756726536,0.014581453209153465
0.399,0.8807790784780688,0.6365109370780448,0.7453072963972146,0.8074000051246573,0.7701331506614719,0.7586450077780569,0.8155286057817068,47140,26920,10663,78776,0.8585310332416014,0.8735997872319208,0.15257531756726536,0.014581453209153465
0.4,0.8807790784780688,0.6365109370780448,0.7453072963972146,0.8074000051246573,0.7701331506614719,0.7586450077780569,0.8155286057817068,47140,26920,10663,78776,0.8585310332416014,0.8735997872319208,0.15257531756726536,0.014581453209153465
0.401,0.8807231744540972,0.6366054550364569,0.7453446122402634,0.807398410233545,0.7701453831521905,0.7586643147452771,0.8154804116578742,47147,26913,10668,78771,0.8585310332416014,0.8735997872319208,0.15257531756726536,0.014581453209153465
0.402,0.8807231744540972,0.6366054550364569,0.7453446122402634,0.807398410233545,0.7701453831521905,0.7586643147452771,0.8154804116578742,47147,26913,10668,78771,0.8585310332416014,0.8735997872319208,0.15257531756726536,0.014581453209153465
0.403,0.8807231744540972,0.6366054550364569,0.7453446122402634,0.807398410233545,0.7701453831521905,0.7586643147452771,0.8154804116578742,47147,26913,10668,78771,0.8585310332416014,0.8735997872319208,0.15257531756726536,0.014581453209153465
0.404,0.8807231744540972,0.6366054550364569,0.7453446122402634,0.807398410233545,0.7701453831521905,0.7586643147452771,0.8154804116578742,47147,26913,10668,78771,0.8585310332416014,0.8735997872319208,0.15257531756726536,0.014581453209153465
0.405,0.8807231744540972,0.6366054550364569,0.7453446122402634,0.807398410233545,0.7701453831521905,0.7586643147452771,0.8154804116578742,47147,26913,10668,78771,0.8585310332416014,0.8735997872319208,0.15257531756726536,0.014581453209153465
0.406,0.8807231744540972,0.6366054550364569,0.7453446122402634,0.807398410233545,0.7701453831521905,0.7586643147452771,0.8154804116578742,47147,26913,10668,78771,0.8585310332416014,0.8735997872319208,0.15257531756726536,0.014581453209153465
0.407,0.8807231744540972,0.6366054550364569,0.7453446122402634,0.807398410233545,0.7701453831521905,0.7586643147452771,0.8154804116578742,47147,26913,10668,78771,0.8585310332416014,0.8735997872319208,0.15257531756726536,0.014581453209153465
0.408,0.8807231744540972,0.6366054550364569,0.7453446122402634,0.807398410233545,0.7701453831521905,0.7586643147452771,0.8154804116578742,47147,26913,10668,78771,0.8585310332416014,0.8735997872319208,0.15257531756726536,0.014581453209153465
0.409,0.8807231744540972,0.6366054550364569,0.7453446122402634,0.807398410233545,0.7701453831521905,0.7586643147452771,0.8154804116578742,47147,26913,10668,78771,0.8585310332416014,0.8735997872319208,0.15257531756726536,0.014581453209153465
0.41,0.8807231744540972,0.6366054550364569,0.7453446122402634,0.807398410233545,0.7701453831521905,0.7586643147452771,0.8154804116578742,47147,26913,10668,78771,0.8585310332416014,0.8735997872319208,0.15257531756726536,0.014581453209153465
0.411,0.8807231744540972,0.6366054550364569,0.7453446122402634,0.807398410233545,0.7701453831521905,0.7586643147452771,0.8154804116578742,47147,26913,10668,78771,0.8585310332416014,0.8735997872319208,0.15257531756726536,0.014581453209153465
0.412,0.8807231744540972,0.6366054550364569,0.7453446122402634,0.807398410233545,0.7701453831521905,0.7586643147452771,0.8154804116578742,47147,26913,10668,78771,0.8585310332416014,0.8735997872319208,0.15257531756726536,0.014581453209153465
0.413,0.8807231744540972,0.6366054550364569,0.7453446122402634,0.807398410233545,0.7701453831521905,0.7586643147452771,0.8154804116578742,47147,26913,10668,78771,0.8585310332416014,0.8735997872319208,0.15257531756726536,0.014581453209153465
0.414,0.8779503348651035,0.6411018093437754,0.7471052205931324,0.807260128918177,0.7706652640077309,0.7595260721044395,0.8130693883142681,47480,26580,10916,78523,0.8585310332416014,0.8735997872319208,0.15257531756726536,0.014581453209153465
0.415,0.8779503348651035,0.6411018093437754,0.7471052205931324,0.807260128918177,0.7706652640077309,0.7595260721044395,0.8130693883142681,47480,26580,10916,78523,0.8585310332416014,0.8735997872319208,0.15257531756726536,0.014581453209153465
0.416,0.8584733729133823,0.6675533351336754,0.7571941381826789,0.8046593761298674,0.7719924892506987,0.7630133540235289,0.7961576243618854,49439,24621,12658,76781,0.8585310332416014,0.8735997872319208,0.15257531756726536,0.014581453209153465
0.417,0.8584733729133823,0.6675533351336754,0.7571941381826789,0.8046593761298674,0.7719924892506987,0.7630133540235289,0.7961576243618854,49439,24621,12658,76781,0.8585310332416014,0.8735997872319208,0.15257531756726536,0.014581453209153465
0.418,0.8584733729133823,0.6675533351336754,0.7571941381826789,0.8046593761298674,0.7719924892506987,0.7630133540235289,0.7961576243618854,49439,24621,12658,76781,0.8585310332416014,0.8735997872319208,0.15257531756726536,0.014581453209153465
0.419,0.8584733729133823,0.6675533351336754,0.7571941381826789,0.8046593761298674,0.7719924892506987,0.7630133540235289,0.7961576243618854,49439,24621,12658,76781,0.8585310332416014,0.8735997872319208,0.15257531756726536,0.014581453209153465
0.42,0.8584733729133823,0.6675533351336754,0.7571941381826789,0.8046593761298674,0.7719924892506987,0.7630133540235289,0.7961576243618854,49439,24621,12658,76781,0.8585310332416014,0.8735997872319208,0.15257531756726536,0.014581453209153465
0.421,0.8584733729133823,0.6675533351336754,0.7571941381826789,0.8046593761298674,0.7719924892506987,0.7630133540235289,0.7961576243618854,49439,24621,12658,76781,0.8585310332416014,0.8735997872319208,0.15257531756726536,0.014581453209153465
0.422,0.8584733729133823,0.6675533351336754,0.7571941381826789,0.8046593761298674,0.7719924892506987,0.7630133540235289,0.7961576243618854,49439,24621,12658,76781,0.8585310332416014,0.8735997872319208,0.15257531756726536,0.014581453209153465
0.423,0.8584733729133823,0.6675533351336754,0.7571941381826789,0.8046593761298674,0.7719924892506987,0.7630133540235289,0.7961576243618854,49439,24621,12658,76781,0.8585310332416014,0.8735997872319208,0.15257531756726536,0.014581453209153465
0.424,0.8584733729133823,0.6675533351336754,0.7571941381826789,0.8046593761298674,0.7719924892506987,0.7630133540235289,0.7961576243618854,49439,24621,12658,76781,0.8585310332416014,0.8735997872319208,0.15257531756726536,0.014581453209153465
0.425,0.8584733729133823,0.6675533351336754,0.7571941381826789,0.8046593761298674,0.7719924892506987,0.7630133540235289,0.7961576243618854,49439,24621,12658,76781,0.8585310332416014,0.8735997872319208,0.15257531756726536,0.014581453209153465
0.426,0.8584733729133823,0.6675533351336754,0.7571941381826789,0.8046593761298674,0.7719924892506987,0.7630133540235289,0.7961576243618854,49439,24621,12658,76781,0.8585310332416014,0.8735997872319208,0.15257531756726536,0.014581453209153465
0.427,0.8584733729133823,0.6675533351336754,0.7571941381826789,0.8046593761298674,0.7719924892506987,0.7630133540235289,0.7961576243618854,49439,24621,12658,76781,0.8585310332416014,0.8735997872319208,0.15257531756726536,0.014581453209153465
0.428,0.8584733729133823,0.6675533351336754,0.7571941381826789,0.8046593761298674,0.7719924892506987,0.7630133540235289,0.7961576243618854,49439,24621,12658,76781,0.8585310332416014,0.8735997872319208,0.15257531756726536,0.014581453209153465
0.429,0.8584733729133823,0.6675533351336754,0.7571941381826789,0.8046593761298674,0.7719924892506987,0.7630133540235289,0.7961576243618854,49439,24621,12658,76781,0.8585310332416014,0.8735997872319208,0.15257531756726536,0.014581453209153465
0.43,0.8584733729133823,0.6675533351336754,0.7571941381826789,0.8046593761298674,0.7719924892506987,0.7630133540235289,0.7961576243618854,49439,24621,12658,76781,0.8585310332416014,0.8735997872319208,0.15257531756726536,0.014581453209153465
0.431,0.8584733729133823,0.6675533351336754,0.7571941381826789,0.8046593761298674,0.7719924892506987,0.7630133540235289,0.7961576243618854,49439,24621,12658,76781,0.8585310332416014,0.8735997872319208,0.15257531756726536,0.014581453209153465
0.432,0.8552421203278212,0.6746151768836078,0.76043344268814,0.8050560703892564,0.7734236906647747,0.7649286486057145,0.7941947892988285,49962,24098,12947,76492,0.8585310332416014,0.8735997872319208,0.15257531756726536,0.014581453209153465
0.433,0.8552421203278212,0.6746151768836078,0.76043344268814,0.8050560703892564,0.7734236906647747,0.7649286486057145,0.7941947892988285,49962,24098,12947,76492,0.8585310332416014,0.8735997872319208,0.15257531756726536,0.014581453209153465
0.434,0.8552421203278212,0.6746151768836078,0.76043344268814,0.8050560703892564,0.7734236906647747,0.7649286486057145,0.7941947892988285,49962,24098,12947,76492,0.8585310332416014,0.8735997872319208,0.15257531756726536,0.014581453209153465
0.435,0.8552309395230269,0.6746151768836078,0.760431061050413,0.8050497821373692,0.7734175744194154,0.7649230582033173,0.7941821649976156,49962,24098,12948,76491,0.8585310332416014,0.8735997872319208,0.15257531756726536,0.014581453209153465
0.436,0.8552309395230269,0.6746151768836078,0.760431061050413,0.8050497821373692,0.7734175744194154,0.7649230582033173,0.7941821649976156,49962,24098,12948,76491,0.8585310332416014,0.8735997872319208,0.15257531756726536,0.014581453209153465
0.437,0.8552309395230269,0.6746151768836078,0.760431061050413,0.8050497821373692,0.7734175744194154,0.7649230582033173,0.7941821649976156,49962,24098,12948,76491,0.8585310332416014,0.8735997872319208,0.15257531756726536,0.014581453209153465
0.438,0.8552309395230269,0.6746151768836078,0.760431061050413,0.8050497821373692,0.7734175744194154,0.7649230582033173,0.7941821649976156,49962,24098,12948,76491,0.8585310332416014,0.8735997872319208,0.15257531756726536,0.014581453209153465
0.439,0.8552309395230269,0.6746151768836078,0.760431061050413,0.8050497821373692,0.7734175744194154,0.7649230582033173,0.7941821649976156,49962,24098,12948,76491,0.8585310332416014,0.8735997872319208,0.15257531756726536,0.014581453209153465
0.44,0.8552309395230269,0.6746151768836078,0.760431061050413,0.8050497821373692,0.7734175744194154,0.7649230582033173,0.7941821649976156,49962,24098,12948,76491,0.8585310332416014,0.8735997872319208,0.15257531756726536,0.014581453209153465
0.441,0.8549961426223459,0.6746961922765325,0.7604264036117022,0.8049431318782533,0.7733258307390259,0.7648461674494392,0.793936793936794,49968,24092,12969,76470,0.8585310332416014,0.8735997872319208,0.15257531756726536,0.014581453209153465
0.442,0.8549961426223459,0.6746961922765325,0.7604264036117022,0.8049431318782533,0.7733258307390259,0.7648461674494392,0.793936793936794,49968,24092,12969,76470,0.8585310332416014,0.8735997872319208,0.15257531756726536,0.014581453209153465
0.443,0.8549961426223459,0.6746961922765325,0.7604264036117022,0.8049431318782533,0.7733258307390259,0.7648461674494392,0.793936793936794,49968,24092,12969,76470,0.8585310332416014,0.8735997872319208,0.15257531756726536,0.014581453209153465
0.444,0.8549961426223459,0.6746961922765325,0.7604264036117022,0.8049431318782533,0.7733258307390259,0.7648461674494392,0.793936793936794,49968,24092,12969,76470,0.8585310332416014,0.8735997872319208,0.15257531756726536,0.014581453209153465
0.445,0.8549402385983743,0.6747502025384823,0.7604447405845673,0.8049286285738347,0.7733197144936667,0.7648452205684283,0.7938868236266006,49972,24088,12974,76465,0.8585310332416014,0.8735997872319208,0.15257531756726536,0.014581453209153465
0.446,0.8549402385983743,0.6747502025384823,0.7604447405845673,0.8049286285738347,0.7733197144936667,0.7648452205684283,0.7938868236266006,49972,24088,12974,76465,0.8585310332416014,0.8735997872319208,0.15257531756726536,0.014581453209153465
0.447,0.8549402385983743,0.6747502025384823,0.7604447405845673,0.8049286285738347,0.7733197144936667,0.7648452205684283,0.7938868236266006,49972,24088,12974,76465,0.8585310332416014,0.8735997872319208,0.15257531756726536,0.014581453209153465
0.448,0.8549402385983743,0.6747502025384823,0.7604447405845673,0.8049286285738347,0.7733197144936667,0.7648452205684283,0.7938868236266006,49972,24088,12974,76465,0.8585310332416014,0.8735997872319208,0.15257531756726536,0.014581453209153465
0.449,0.8549402385983743,0.6747502025384823,0.7604447405845673,0.8049286285738347,0.7733197144936667,0.7648452205684283,0.7938868236266006,49972,24088,12974,76465,0.8585310332416014,0.8735997872319208,0.15257531756726536,0.014581453209153465
0.45,0.8549402385983743,0.6747502025384823,0.7604447405845673,0.8049286285738347,0.7733197144936667,0.7648452205684283,0.7938868236266006,49972,24088,12974,76465,0.8585310332416014,0.8735997872319208,0.15257531756726536,0.014581453209153465
0.451,0.8549402385983743,0.6747502025384823,0.7604447405845673,0.8049286285738347,0.7733197144936667,0.7648452205684283,0.7938868236266006,49972,24088,12974,76465,0.8585310332416014,0.8735997872319208,0.15257531756726536,0.014581453209153465
0.452,0.8549402385983743,0.6747502025384823,0.7604447405845673,0.8049286285738347,0.7733197144936667,0.7648452205684283,0.7938868236266006,49972,24088,12974,76465,0.8585310332416014,0.8735997872319208,0.15257531756726536,0.014581453209153465
0.453,0.8549402385983743,0.6747502025384823,0.7604447405845673,0.8049286285738347,0.7733197144936667,0.7648452205684283,0.7938868236266006,49972,24088,12974,76465,0.8585310332416014,0.8735997872319208,0.15257531756726536,0.014581453209153465
0.454,0.8549402385983743,0.6747502025384823,0.7604447405845673,0.8049286285738347,0.7733197144936667,0.7648452205684283,0.7938868236266006,49972,24088,12974,76465,0.8585310332416014,0.8735997872319208,0.15257531756726536,0.014581453209153465
0.455,0.8481311284786279,0.6838644342425061,0.7641459065770785,0.8039510778557347,0.7737233866873804,0.765997781360567,0.7885256110851627,50647,23413,13583,75856,0.8585310332416014,0.8735997872319208,0.15257531756726536,0.014581453209153465
0.456,0.8481311284786279,0.6838644342425061,0.7641459065770785,0.8039510778557347,0.7737233866873804,0.765997781360567,0.7885256110851627,50647,23413,13583,75856,0.8585310332416014,0.8735997872319208,0.15257531756726536,0.014581453209153465
0.457,0.8481311284786279,0.6838644342425061,0.7641459065770785,0.8039510778557347,0.7737233866873804,0.765997781360567,0.7885256110851627,50647,23413,13583,75856,0.8585310332416014,0.8735997872319208,0.15257531756726536,0.014581453209153465
0.458,0.8481311284786279,0.6838644342425061,0.7641459065770785,0.8039510778557347,0.7737233866873804,0.765997781360567,0.7885256110851627,50647,23413,13583,75856,0.8585310332416014,0.8735997872319208,0.15257531756726536,0.014581453209153465
0.459,0.8481311284786279,0.6838644342425061,0.7641459065770785,0.8039510778557347,0.7737233866873804,0.765997781360567,0.7885256110851627,50647,23413,13583,75856,0.8585310332416014,0.8735997872319208,0.15257531756726536,0.014581453209153465
0.46,0.8481311284786279,0.6838644342425061,0.7641459065770785,0.8039510778557347,0.7737233866873804,0.765997781360567,0.7885256110851627,50647,23413,13583,75856,0.8585310332416014,0.8735997872319208,0.15257531756726536,0.014581453209153465
0.461,0.8481311284786279,0.6838644342425061,0.7641459065770785,0.8039510778557347,0.7737233866873804,0.765997781360567,0.7885256110851627,50647,23413,13583,75856,0.8585310332416014,0.8735997872319208,0.15257531756726536,0.014581453209153465
0.462,0.8481311284786279,0.6838644342425061,0.7641459065770785,0.8039510778557347,0.7737233866873804,0.765997781360567,0.7885256110851627,50647,23413,13583,75856,0.8585310332416014,0.8735997872319208,0.15257531756726536,0.014581453209153465
0.463,0.8481311284786279,0.6838644342425061,0.7641459065770785,0.8039510778557347,0.7737233866873804,0.765997781360567,0.7885256110851627,50647,23413,13583,75856,0.8585310332416014,0.8735997872319208,0.15257531756726536,0.014581453209153465
0.464,0.8481311284786279,0.6838644342425061,0.7641459065770785,0.8039510778557347,0.7737233866873804,0.765997781360567,0.7885256110851627,50647,23413,13583,75856,0.8585310332416014,0.8735997872319208,0.15257531756726536,0.014581453209153465
0.465,0.8481311284786279,0.6838644342425061,0.7641459065770785,0.8039510778557347,0.7737233866873804,0.765997781360567,0.7885256110851627,50647,23413,13583,75856,0.8585310332416014,0.8735997872319208,0.15257531756726536,0.014581453209153465
0.466,0.8481311284786279,0.6838644342425061,0.7641459065770785,0.8039510778557347,0.7737233866873804,0.765997781360567,0.7885256110851627,50647,23413,13583,75856,0.8585310332416014,0.8735997872319208,0.15257531756726536,0.014581453209153465
0.467,0.8481311284786279,0.6838644342425061,0.7641459065770785,0.8039510778557347,0.7737233866873804,0.765997781360567,0.7885256110851627,50647,23413,13583,75856,0.8585310332416014,0.8735997872319208,0.15257531756726536,0.014581453209153465
0.468,0.8481311284786279,0.6838644342425061,0.7641459065770785,0.8039510778557347,0.7737233866873804,0.765997781360567,0.7885256110851627,50647,23413,13583,75856,0.8585310332416014,0.8735997872319208,0.15257531756726536,0.014581453209153465
0.469,0.8481311284786279,0.6838644342425061,0.7641459065770785,0.8039510778557347,0.7737233866873804,0.765997781360567,0.7885256110851627,50647,23413,13583,75856,0.8585310332416014,0.8735997872319208,0.15257531756726536,0.014581453209153465
0.47,0.8481311284786279,0.6838644342425061,0.7641459065770785,0.8039510778557347,0.7737233866873804,0.765997781360567,0.7885256110851627,50647,23413,13583,75856,0.8585310332416014,0.8735997872319208,0.15257531756726536,0.014581453209153465
0.471,0.8481311284786279,0.6838644342425061,0.7641459065770785,0.8039510778557347,0.7737233866873804,0.765997781360567,0.7885256110851627,50647,23413,13583,75856,0.8585310332416014,0.8735997872319208,0.15257531756726536,0.014581453209153465
0.472,0.8481311284786279,0.6838644342425061,0.7641459065770785,0.8039510778557347,0.7737233866873804,0.765997781360567,0.7885256110851627,50647,23413,13583,75856,0.8585310332416014,0.8735997872319208,0.15257531756726536,0.014581453209153465
0.473,0.8481311284786279,0.6838644342425061,0.7641459065770785,0.8039510778557347,0.7737233866873804,0.765997781360567,0.7885256110851627,50647,23413,13583,75856,0.8585310332416014,0.8735997872319208,0.15257531756726536,0.014581453209153465
0.474,0.8481311284786279,0.6838644342425061,0.7641459065770785,0.8039510778557347,0.7737233866873804,0.765997781360567,0.7885256110851627,50647,23413,13583,75856,0.8585310332416014,0.8735997872319208,0.15257531756726536,0.014581453209153465
0.475,0.8481311284786279,0.6838644342425061,0.7641459065770785,0.8039510778557347,0.7737233866873804,0.765997781360567,0.7885256110851627,50647,23413,13583,75856,0.8585310332416014,0.8735997872319208,0.15257531756726536,0.014581453209153465
0.476,0.8481311284786279,0.6838644342425061,0.7641459065770785,0.8039510778557347,0.7737233866873804,0.765997781360567,0.7885256110851627,50647,23413,13583,75856,0.8585310332416014,0.8735997872319208,0.15257531756726536,0.014581453209153465
0.477,0.8481311284786279,0.6838644342425061,0.7641459065770785,0.8039510778557347,0.7737233866873804,0.765997781360567,0.7885256110851627,50647,23413,13583,75856,0.8585310332416014,0.8735997872319208,0.15257531756726536,0.014581453209153465
0.478,0.8481311284786279,0.6838644342425061,0.7641459065770785,0.8039510778557347,0.7737233866873804,0.765997781360567,0.7885256110851627,50647,23413,13583,75856,0.8585310332416014,0.8735997872319208,0.15257531756726536,0.014581453209153465
0.479,0.8481311284786279,0.6838644342425061,0.7641459065770785,0.8039510778557347,0.7737233866873804,0.765997781360567,0.7885256110851627,50647,23413,13583,75856,0.8585310332416014,0.8735997872319208,0.15257531756726536,0.014581453209153465
0.48,0.8481311284786279,0.6838644342425061,0.7641459065770785,0.8039510778557347,0.7737233866873804,0.765997781360567,0.7885256110851627,50647,23413,13583,75856,0.8585310332416014,0.8735997872319208,0.15257531756726536,0.014581453209153465
0.481,0.8481311284786279,0.6838644342425061,0.7641459065770785,0.8039510778557347,0.7737233866873804,0.765997781360567,0.7885256110851627,50647,23413,13583,75856,0.8585310332416014,0.8735997872319208,0.15257531756726536,0.014581453209153465
0.482,0.8481311284786279,0.6838644342425061,0.7641459065770785,0.8039510778557347,0.7737233866873804,0.765997781360567,0.7885256110851627,50647,23413,13583,75856,0.8585310332416014,0.8735997872319208,0.15257531756726536,0.014581453209153465
0.483,0.8481311284786279,0.6838644342425061,0.7641459065770785,0.8039510778557347,0.7737233866873804,0.765997781360567,0.7885256110851627,50647,23413,13583,75856,0.8585310332416014,0.8735997872319208,0.15257531756726536,0.014581453209153465
0.484,0.8481311284786279,0.6838644342425061,0.7641459065770785,0.8039510778557347,0.7737233866873804,0.765997781360567,0.7885256110851627,50647,23413,13583,75856,0.8585310332416014,0.8735997872319208,0.15257531756726536,0.014581453209153465
0.485,0.8481311284786279,0.6838644342425061,0.7641459065770785,0.8039510778557347,0.7737233866873804,0.765997781360567,0.7885256110851627,50647,23413,13583,75856,0.8585310332416014,0.8735997872319208,0.15257531756726536,0.014581453209153465
0.486,0.8481311284786279,0.6838644342425061,0.7641459065770785,0.8039510778557347,0.7737233866873804,0.765997781360567,0.7885256110851627,50647,23413,13583,75856,0.8585310332416014,0.8735997872319208,0.15257531756726536,0.014581453209153465
0.487,0.8481311284786279,0.6838644342425061,0.7641459065770785,0.8039510778557347,0.7737233866873804,0.765997781360567,0.7885256110851627,50647,23413,13583,75856,0.8585310332416014,0.8735997872319208,0.15257531756726536,0.014581453209153465
0.488,0.8481311284786279,0.6838644342425061,0.7641459065770785,0.8039510778557347,0.7737233866873804,0.765997781360567,0.7885256110851627,50647,23413,13583,75856,0.8585310332416014,0.8735997872319208,0.15257531756726536,0.014581453209153465
0.489,0.8481311284786279,0.6838644342425061,0.7641459065770785,0.8039510778557347,0.7737233866873804,0.765997781360567,0.7885256110851627,50647,23413,13583,75856,0.8585310332416014,0.8735997872319208,0.15257531756726536,0.014581453209153465
0.49,0.8481311284786279,0.6838644342425061,0.7641459065770785,0.8039510778557347,0.7737233866873804,0.765997781360567,0.7885256110851627,50647,23413,13583,75856,0.8585310332416014,0.8735997872319208,0.15257531756726536,0.014581453209153465
0.491,0.8481311284786279,0.6838644342425061,0.7641459065770785,0.8039510778557347,0.7737233866873804,0.765997781360567,0.7885256110851627,50647,23413,13583,75856,0.8585310332416014,0.8735997872319208,0.15257531756726536,0.014581453209153465
0.492,0.8481311284786279,0.6838644342425061,0.7641459065770785,0.8039510778557347,0.7737233866873804,0.765997781360567,0.7885256110851627,50647,23413,13583,75856,0.8585310332416014,0.8735997872319208,0.15257531756726536,0.014581453209153465
0.493,0.8481311284786279,0.6838644342425061,0.7641459065770785,0.8039510778557347,0.7737233866873804,0.765997781360567,0.7885256110851627,50647,23413,13583,75856,0.8585310332416014,0.8735997872319208,0.15257531756726536,0.014581453209153465
0.494,0.8481311284786279,0.6838644342425061,0.7641459065770785,0.8039510778557347,0.7737233866873804,0.765997781360567,0.7885256110851627,50647,23413,13583,75856,0.8585310332416014,0.8735997872319208,0.15257531756726536,0.014581453209153465
0.495,0.8481311284786279,0.6838644342425061,0.7641459065770785,0.8039510778557347,0.7737233866873804,0.765997781360567,0.7885256110851627,50647,23413,13583,75856,0.8585310332416014,0.8735997872319208,0.15257531756726536,0.014581453209153465
0.496,0.8481311284786279,0.6838644342425061,0.7641459065770785,0.8039510778557347,0.7737233866873804,0.765997781360567,0.7885256110851627,50647,23413,13583,75856,0.8585310332416014,0.8735997872319208,0.15257531756726536,0.014581453209153465
0.497,0.8481311284786279,0.6838644342425061,0.7641459065770785,0.8039510778557347,0.7737233866873804,0.765997781360567,0.7885256110851627,50647,23413,13583,75856,0.8585310332416014,0.8735997872319208,0.15257531756726536,0.014581453209153465
0.498,0.823097306544125,0.7155684580070213,0.7775184301134324,0.7996589199493811,0.7743900574315439,0.7693328822755732,0.770085879942456,52995,21065,15822,73617,0.8585310332416014,0.8735997872319208,0.15257531756726536,0.014581453209153465
0.499,0.823097306544125,0.7155684580070213,0.7775184301134324,0.7996589199493811,0.7743900574315439,0.7693328822755732,0.770085879942456,52995,21065,15822,73617,0.8585310332416014,0.8735997872319208,0.15257531756726536,0.014581453209153465
0.5,0.823097306544125,0.7155684580070213,0.7775184301134324,0.7996589199493811,0.7743900574315439,0.7693328822755732,0.770085879942456,52995,21065,15822,73617,0.8585310332416014,0.8735997872319208,0.15257531756726536,0.014581453209153465
0.501,0.823097306544125,0.7155684580070213,0.7775184301134324,0.7996589199493811,0.7743900574315439,0.7693328822755732,0.770085879942456,52995,21065,15822,73617,0.8585310332416014,0.8735997872319208,0.15257531756726536,0.014581453209153465
0.502,0.823097306544125,0.7155684580070213,0.7775184301134324,0.7996589199493811,0.7743900574315439,0.7693328822755732,0.770085879942456,52995,21065,15822,73617,0.8585310332416014,0.8735997872319208,0.15257531756726536,0.014581453209153465
0.503,0.823097306544125,0.7155684580070213,0.7775184301134324,0.7996589199493811,0.7743900574315439,0.7693328822755732,0.770085879942456,52995,21065,15822,73617,0.8585310332416014,0.8735997872319208,0.15257531756726536,0.014581453209153465
0.504,0.823097306544125,0.7155684580070213,0.7775184301134324,0.7996589199493811,0.7743900574315439,0.7693328822755732,0.770085879942456,52995,21065,15822,73617,0.8585310332416014,0.8735997872319208,0.15257531756726536,0.014581453209153465
0.505,0.823097306544125,0.7155684580070213,0.7775184301134324,0.7996589199493811,0.7743900574315439,0.7693328822755732,0.770085879942456,52995,21065,15822,73617,0.8585310332416014,0.8735997872319208,0.15257531756726536,0.014581453209153465
0.506,0.823097306544125,0.7155684580070213,0.7775184301134324,0.7996589199493811,0.7743900574315439,0.7693328822755732,0.770085879942456,52995,21065,15822,73617,0.8585310332416014,0.8735997872319208,0.15257531756726536,0.014581453209153465
0.507,0.823097306544125,0.7155819605725088,0.7775266420929225,0.7996632630892896,0.7743961736769033,0.7693396335583169,0.770089220843384,52996,21064,15822,73617,0.8585310332416014,0.8735997872319208,0.15257531756726536,0.014581453209153465
0.508,0.823097306544125,0.7155819605725088,0.7775266420929225,0.7996632630892896,0.7743961736769033,0.7693396335583169,0.770089220843384,52996,21064,15822,73617,0.8585310332416014,0.8735997872319208,0.15257531756726536,0.014581453209153465
0.509,0.823097306544125,0.7155819605725088,0.7775266420929225,0.7996632630892896,0.7743961736769033,0.7693396335583169,0.770089220843384,52996,21064,15822,73617,0.8585310332416014,0.8735997872319208,0.15257531756726536,0.014581453209153465
0.51,0.823097306544125,0.7155819605725088,0.7775266420929225,0.7996632630892896,0.7743961736769033,0.7693396335583169,0.770089220843384,52996,21064,15822,73617,0.8585310332416014,0.8735997872319208,0.15257531756726536,0.014581453209153465
0.511,0.8143203747805767,0.7238725357817986,0.780772281897901,0.7971935354994774,0.7733502957204631,0.7690964552811876,0.7634903228562884,53610,20450,16607,72832,0.8585310332416014,0.8735997872319208,0.15257531756726536,0.014581453209153465
0.512,0.8143203747805767,0.7238725357817986,0.780772281897901,0.7971935354994774,0.7733502957204631,0.7690964552811876,0.7634903228562884,53610,20450,16607,72832,0.8585310332416014,0.8735997872319208,0.15257531756726536,0.014581453209153465
0.513,0.8143203747805767,0.7238725357817986,0.780772281897901,0.7971935354994774,0.7733502957204631,0.7690964552811876,0.7634903228562884,53610,20450,16607,72832,0.8585310332416014,0.8735997872319208,0.15257531756726536,0.014581453209153465
0.514,0.8143203747805767,0.7238725357817986,0.780772281897901,0.7971935354994774,0.7733502957204631,0.7690964552811876,0.7634903228562884,53610,20450,16607,72832,0.8585310332416014,0.8735997872319208,0.15257531756726536,0.014581453209153465
0.515,0.8143203747805767,0.7238725357817986,0.780772281897901,0.7971935354994774,0.7733502957204631,0.7690964552811876,0.7634903228562884,53610,20450,16607,72832,0.8585310332416014,0.8735997872319208,0.15257531756726536,0.014581453209153465
0.516,0.8143203747805767,0.7238725357817986,0.780772281897901,0.7971935354994774,0.7733502957204631,0.7690964552811876,0.7634903228562884,53610,20450,16607,72832,0.8585310332416014,0.8735997872319208,0.15257531756726536,0.014581453209153465
0.517,0.8143203747805767,0.7238725357817986,0.780772281897901,0.7971935354994774,0.7733502957204631,0.7690964552811876,0.7634903228562884,53610,20450,16607,72832,0.8585310332416014,0.8735997872319208,0.15257531756726536,0.014581453209153465
0.518,0.8143203747805767,0.7238725357817986,0.780772281897901,0.7971935354994774,0.7733502957204631,0.7690964552811876,0.7634903228562884,53610,20450,16607,72832,0.8585310332416014,0.8735997872319208,0.15257531756726536,0.014581453209153465
0.519,0.8143203747805767,0.7238725357817986,0.780772281897901,0.7971935354994774,0.7733502957204631,0.7690964552811876,0.7634903228562884,53610,20450,16607,72832,0.8585310332416014,0.8735997872319208,0.15257531756726536,0.014581453209153465
0.52,0.8143203747805767,0.7238725357817986,0.780772281897901,0.7971935354994774,0.7733502957204631,0.7690964552811876,0.7634903228562884,53610,20450,16607,72832,0.8585310332416014,0.8735997872319208,0.15257531756726536,0.014581453209153465
0.521,0.8143203747805767,0.7238725357817986,0.780772281897901,0.7971935354994774,0.7733502957204631,0.7690964552811876,0.7634903228562884,53610,20450,16607,72832,0.8585310332416014,0.8735997872319208,0.15257531756726536,0.014581453209153465
0.522,0.8143203747805767,0.7238725357817986,0.780772281897901,0.7971935354994774,0.7733502957204631,0.7690964552811876,0.7634903228562884,53610,20450,16607,72832,0.8585310332416014,0.8735997872319208,0.15257531756726536,0.014581453209153465
0.523,0.8143203747805767,0.7238725357817986,0.780772281897901,0.7971935354994774,0.7733502957204631,0.7690964552811876,0.7634903228562884,53610,20450,16607,72832,0.8585310332416014,0.8735997872319208,0.15257531756726536,0.014581453209153465
0.524,0.8143203747805767,0.7238725357817986,0.780772281897901,0.7971935354994774,0.7733502957204631,0.7690964552811876,0.7634903228562884,53610,20450,16607,72832,0.8585310332416014,0.8735997872319208,0.15257531756726536,0.014581453209153465
0.525,0.8143203747805767,0.7238725357817986,0.780772281897901,0.7971935354994774,0.7733502957204631,0.7690964552811876,0.7634903228562884,53610,20450,16607,72832,0.8585310332416014,0.8735997872319208,0.15257531756726536,0.014581453209153465
0.526,0.8143203747805767,0.7238725357817986,0.780772281897901,0.7971935354994774,0.7733502957204631,0.7690964552811876,0.7634903228562884,53610,20450,16607,72832,0.8585310332416014,0.8735997872319208,0.15257531756726536,0.014581453209153465
0.527,0.8143203747805767,0.7238725357817986,0.780772281897901,0.7971935354994774,0.7733502957204631,0.7690964552811876,0.7634903228562884,53610,20450,16607,72832,0.8585310332416014,0.8735997872319208,0.15257531756726536,0.014581453209153465
0.528,0.8143203747805767,0.7238725357817986,0.780772281897901,0.7971935354994774,0.7733502957204631,0.7690964552811876,0.7634903228562884,53610,20450,16607,72832,0.8585310332416014,0.8735997872319208,0.15257531756726536,0.014581453209153465
0.529,0.8143203747805767,0.7238725357817986,0.780772281897901,0.7971935354994774,0.7733502957204631,0.7690964552811876,0.7634903228562884,53610,20450,16607,72832,0.8585310332416014,0.8735997872319208,0.15257531756726536,0.014581453209153465
0.53,0.8143203747805767,0.7238725357817986,0.780772281897901,0.7971935354994774,0.7733502957204631,0.7690964552811876,0.7634903228562884,53610,20450,16607,72832,0.8585310332416014,0.8735997872319208,0.15257531756726536,0.014581453209153465
0.531,0.8143203747805767,0.7238725357817986,0.780772281897901,0.7971935354994774,0.7733502957204631,0.7690964552811876,0.7634903228562884,53610,20450,16607,72832,0.8585310332416014,0.8735997872319208,0.15257531756726536,0.014581453209153465
0.532,0.8143203747805767,0.7238725357817986,0.780772281897901,0.7971935354994774,0.7733502957204631,0.7690964552811876,0.7634903228562884,53610,20450,16607,72832,0.8585310332416014,0.8735997872319208,0.15257531756726536,0.014581453209153465
0.533,0.8143203747805767,0.7238725357817986,0.780772281897901,0.7971935354994774,0.7733502957204631,0.7690964552811876,0.7634903228562884,53610,20450,16607,72832,0.8585310332416014,0.8735997872319208,0.15257531756726536,0.014581453209153465
0.534,0.8143203747805767,0.7238725357817986,0.780772281897901,0.7971935354994774,0.7733502957204631,0.7690964552811876,0.7634903228562884,53610,20450,16607,72832,0.8585310332416014,0.8735997872319208,0.15257531756726536,0.014581453209153465
0.535,0.8143203747805767,0.7238725357817986,0.780772281897901,0.7971935354994774,0.7733502957204631,0.7690964552811876,0.7634903228562884,53610,20450,16607,72832,0.8585310332416014,0.8735997872319208,0.15257531756726536,0.014581453209153465
0.536,0.8143203747805767,0.7238860383472859,0.7807806520084476,0.7971978984238178,0.7733564119658224,0.7691032065639314,0.7634936910763622,53611,20449,16607,72832,0.8585310332416014,0.8735997872319208,0.15257531756726536,0.014581453209153465
0.537,0.8143203747805767,0.7238860383472859,0.7807806520084476,0.7971978984238178,0.7733564119658224,0.7691032065639314,0.7634936910763622,53611,20449,16607,72832,0.8585310332416014,0.8735997872319208,0.15257531756726536,0.014581453209153465
0.538,0.8141973859278391,0.7241155819605725,0.7808971293148745,0.79719965844153,0.7733931094379782,0.7691564839442058,0.7634313697577086,53628,20432,16618,72821,0.8585310332416014,0.8735997872319208,0.15257531756726536,0.014581453209153465
0.539,0.8141973859278391,0.7241155819605725,0.7808971293148745,0.79719965844153,0.7733931094379782,0.7691564839442058,0.7634313697577086,53628,20432,16618,72821,0.8585310332416014,0.8735997872319208,0.15257531756726536,0.014581453209153465
0.54,0.8141862051230447,0.7241155819605725,0.7808947797366277,0.797193074645166,0.7733869931926189,0.7691508935418085,0.7634205019431435,53628,20432,16619,72820,0.8585310332416014,0.8735997872319208,0.15257531756726536,0.014581453209153465
0.541,0.8141862051230447,0.7241155819605725,0.7808947797366277,0.797193074645166,0.7733869931926189,0.7691508935418085,0.7634205019431435,53628,20432,16619,72820,0.8585310332416014,0.8735997872319208,0.15257531756726536,0.014581453209153465
0.542,0.8141862051230447,0.7241155819605725,0.7808947797366277,0.797193074645166,0.7733869931926189,0.7691508935418085,0.7634205019431435,53628,20432,16619,72820,0.8585310332416014,0.8735997872319208,0.15257531756726536,0.014581453209153465
0.543,0.8141862051230447,0.7241155819605725,0.7808947797366277,0.797193074645166,0.7733869931926189,0.7691508935418085,0.7634205019431435,53628,20432,16619,72820,0.8585310332416014,0.8735997872319208,0.15257531756726536,0.014581453209153465
0.544,0.8141862051230447,0.7241155819605725,0.7808947797366277,0.797193074645166,0.7733869931926189,0.7691508935418085,0.7634205019431435,53628,20432,16619,72820,0.8585310332416014,0.8735997872319208,0.15257531756726536,0.014581453209153465
0.545,0.8141862051230447,0.7241155819605725,0.7808947797366277,0.797193074645166,0.7733869931926189,0.7691508935418085,0.7634205019431435,53628,20432,16619,72820,0.8585310332416014,0.8735997872319208,0.15257531756726536,0.014581453209153465
0.546,0.8141862051230447,0.7241155819605725,0.7808947797366277,0.797193074645166,0.7733869931926189,0.7691508935418085,0.7634205019431435,53628,20432,16619,72820,0.8585310332416014,0.8735997872319208,0.15257531756726536,0.014581453209153465
0.547,0.8141750243182504,0.7241155819605725,0.7808924301079881,0.7971864907767255,0.7733808769472597,0.7691453031394114,0.7634096344379911,53628,20432,16620,72819,0.8585310332416014,0.8735997872319208,0.15257531756726536,0.014581453209153465
0.548,0.8141750243182504,0.7241155819605725,0.7808924301079881,0.7971864907767255,0.7733808769472597,0.7691453031394114,0.7634096344379911,53628,20432,16620,72819,0.8585310332416014,0.8735997872319208,0.15257531756726536,0.014581453209153465
0.549,0.8141750243182504,0.7241155819605725,0.7808924301079881,0.7971864907767255,0.7733808769472597,0.7691453031394114,0.7634096344379911,53628,20432,16620,72819,0.8585310332416014,0.8735997872319208,0.15257531756726536,0.014581453209153465
0.55,0.8141750243182504,0.7241155819605725,0.7808924301079881,0.7971864907767255,0.7733808769472597,0.7691453031394114,0.7634096344379911,53628,20432,16620,72819,0.8585310332416014,0.8735997872319208,0.15257531756726536,0.014581453209153465
0.551,0.8141750243182504,0.7241155819605725,0.7808924301079881,0.7971864907767255,0.7733808769472597,0.7691453031394114,0.7634096344379911,53628,20432,16620,72819,0.8585310332416014,0.8735997872319208,0.15257531756726536,0.014581453209153465
0.552,0.7702903655005088,0.7807318390494193,0.8092514066225788,0.7892903787548977,0.7750200307035517,0.7755111022749641,0.7378327335834418,57821,16239,20545,68894,0.8585310332416014,0.8735997872319208,0.15257531756726536,0.014581453209153465
0.553,0.7702903655005088,0.7807318390494193,0.8092514066225788,0.7892903787548977,0.7750200307035517,0.7755111022749641,0.7378327335834418,57821,16239,20545,68894,0.8585310332416014,0.8735997872319208,0.15257531756726536,0.014581453209153465
0.554,0.7702903655005088,0.7807318390494193,0.8092514066225788,0.7892903787548977,0.7750200307035517,0.7755111022749641,0.7378327335834418,57821,16239,20545,68894,0.8585310332416014,0.8735997872319208,0.15257531756726536,0.014581453209153465
0.555,0.7702903655005088,0.7807318390494193,0.8092514066225788,0.7892903787548977,0.7750200307035517,0.7755111022749641,0.7378327335834418,57821,16239,20545,68894,0.8585310332416014,0.8735997872319208,0.15257531756726536,0.014581453209153465
0.556,0.7702903655005088,0.7807318390494193,0.8092514066225788,0.7892903787548977,0.7750200307035517,0.7755111022749641,0.7378327335834418,57821,16239,20545,68894,0.8585310332416014,0.8735997872319208,0.15257531756726536,0.014581453209153465
0.557,0.7702903655005088,0.7807318390494193,0.8092514066225788,0.7892903787548977,0.7750200307035517,0.7755111022749641,0.7378327335834418,57821,16239,20545,68894,0.8585310332416014,0.8735997872319208,0.15257531756726536,0.014581453209153465
0.558,0.7702903655005088,0.7807318390494193,0.8092514066225788,0.7892903787548977,0.7750200307035517,0.7755111022749641,0.7378327335834418,57821,16239,20545,68894,0.8585310332416014,0.8735997872319208,0.15257531756726536,0.014581453209153465
0.559,0.7702903655005088,0.7807318390494193,0.8092514066225788,0.7892903787548977,0.7750200307035517,0.7755111022749641,0.7378327335834418,57821,16239,20545,68894,0.8585310332416014,0.8735997872319208,0.15257531756726536,0.014581453209153465
0.56,0.7702903655005088,0.7807318390494193,0.8092514066225788,0.7892903787548977,0.7750200307035517,0.7755111022749641,0.7378327335834418,57821,16239,20545,68894,0.8585310332416014,0.8735997872319208,0.15257531756726536,0.014581453209153465
0.561,0.7702903655005088,0.7807318390494193,0.8092514066225788,0.7892903787548977,0.7750200307035517,0.7755111022749641,0.7378327335834418,57821,16239,20545,68894,0.8585310332416014,0.8735997872319208,0.15257531756726536,0.014581453209153465
0.562,0.7702903655005088,0.7807318390494193,0.8092514066225788,0.7892903787548977,0.7750200307035517,0.7755111022749641,0.7378327335834418,57821,16239,20545,68894,0.8585310332416014,0.8735997872319208,0.15257531756726536,0.014581453209153465
0.563,0.7702903655005088,0.7807318390494193,0.8092514066225788,0.7892903787548977,0.7750200307035517,0.7755111022749641,0.7378327335834418,57821,16239,20545,68894,0.8585310332416014,0.8735997872319208,0.15257531756726536,0.014581453209153465
0.564,0.7702903655005088,0.7807318390494193,0.8092514066225788,0.7892903787548977,0.7750200307035517,0.7755111022749641,0.7378327335834418,57821,16239,20545,68894,0.8585310332416014,0.8735997872319208,0.15257531756726536,0.014581453209153465
0.565,0.7702903655005088,0.7807318390494193,0.8092514066225788,0.7892903787548977,0.7750200307035517,0.7755111022749641,0.7378327335834418,57821,16239,20545,68894,0.8585310332416014,0.8735997872319208,0.15257531756726536,0.014581453209153465
0.566,0.7702903655005088,0.7807318390494193,0.8092514066225788,0.7892903787548977,0.7750200307035517,0.7755111022749641,0.7378327335834418,57821,16239,20545,68894,0.8585310332416014,0.8735997872319208,0.15257531756726536,0.014581453209153465
0.567,0.7702903655005088,0.7807318390494193,0.8092514066225788,0.7892903787548977,0.7750200307035517,0.7755111022749641,0.7378327335834418,57821,16239,20545,68894,0.8585310332416014,0.8735997872319208,0.15257531756726536,0.014581453209153465
0.568,0.7702903655005088,0.7807318390494193,0.8092514066225788,0.7892903787548977,0.7750200307035517,0.7755111022749641,0.7378327335834418,57821,16239,20545,68894,0.8585310332416014,0.8735997872319208,0.15257531756726536,0.014581453209153465
0.569,0.7702903655005088,0.7807318390494193,0.8092514066225788,0.7892903787548977,0.7750200307035517,0.7755111022749641,0.7378327335834418,57821,16239,20545,68894,0.8585310332416014,0.8735997872319208,0.15257531756726536,0.014581453209153465
0.57,0.7702903655005088,0.7807318390494193,0.8092514066225788,0.7892903787548977,0.7750200307035517,0.7755111022749641,0.7378327335834418,57821,16239,20545,68894,0.8585310332416014,0.8735997872319208,0.15257531756726536,0.014581453209153465
0.571,0.7702903655005088,0.7807318390494193,0.8092514066225788,0.7892903787548977,0.7750200307035517,0.7755111022749641,0.7378327335834418,57821,16239,20545,68894,0.8585310332416014,0.8735997872319208,0.15257531756726536,0.014581453209153465
0.572,0.7702903655005088,0.7807318390494193,0.8092514066225788,0.7892903787548977,0.7750200307035517,0.7755111022749641,0.7378327335834418,57821,16239,20545,68894,0.8585310332416014,0.8735997872319208,0.15257531756726536,0.014581453209153465
0.573,0.7537986784288733,0.7955306508236565,0.8165863230057412,0.7839373026901005,0.7727019737123775,0.7746646646262649,0.7279365432373327,58917,15143,22020,67419,0.8585310332416014,0.8735997872319208,0.15257531756726536,0.014581453209153465
0.574,0.7537986784288733,0.7955306508236565,0.8165863230057412,0.7839373026901005,0.7727019737123775,0.7746646646262649,0.7279365432373327,58917,15143,22020,67419,0.8585310332416014,0.8735997872319208,0.15257531756726536,0.014581453209153465
0.575,0.7537986784288733,0.7955306508236565,0.8165863230057412,0.7839373026901005,0.7727019737123775,0.7746646646262649,0.7279365432373327,58917,15143,22020,67419,0.8585310332416014,0.8735997872319208,0.15257531756726536,0.014581453209153465
0.576,0.7537986784288733,0.7955306508236565,0.8165863230057412,0.7839373026901005,0.7727019737123775,0.7746646646262649,0.7279365432373327,58917,15143,22020,67419,0.8585310332416014,0.8735997872319208,0.15257531756726536,0.014581453209153465
0.577,0.7537986784288733,0.7955306508236565,0.8165863230057412,0.7839373026901005,0.7727019737123775,0.7746646646262649,0.7279365432373327,58917,15143,22020,67419,0.8585310332416014,0.8735997872319208,0.15257531756726536,0.014581453209153465
0.578,0.7537986784288733,0.7955306508236565,0.8165863230057412,0.7839373026901005,0.7727019737123775,0.7746646646262649,0.7279365432373327,58917,15143,22020,67419,0.8585310332416014,0.8735997872319208,0.15257531756726536,0.014581453209153465
0.579,0.7537986784288733,0.7955306508236565,0.8165863230057412,0.7839373026901005,0.7727019737123775,0.7746646646262649,0.7279365432373327,58917,15143,22020,67419,0.8585310332416014,0.8735997872319208,0.15257531756726536,0.014581453209153465
0.58,0.7537986784288733,0.7955306508236565,0.8165863230057412,0.7839373026901005,0.7727019737123775,0.7746646646262649,0.7279365432373327,58917,15143,22020,67419,0.8585310332416014,0.8735997872319208,0.15257531756726536,0.014581453209153465
0.581,0.7537986784288733,0.7955306508236565,0.8165863230057412,0.7839373026901005,0.7727019737123775,0.7746646646262649,0.7279365432373327,58917,15143,22020,67419,0.8585310332416014,0.8735997872319208,0.15257531756726536,0.014581453209153465
0.582,0.728373528326569,0.8153119092627599,0.8264719688415818,0.7743281311288348,0.7677539312167047,0.7718427187946644,0.7130946194907648,60382,13678,24294,65145,0.8585310332416014,0.8735997872319208,0.15257531756726536,0.014581453209153465
0.583,0.728373528326569,0.8153119092627599,0.8264719688415818,0.7743281311288348,0.7677539312167047,0.7718427187946644,0.7130946194907648,60382,13678,24294,65145,0.8585310332416014,0.8735997872319208,0.15257531756726536,0.014581453209153465
0.584,0.728373528326569,0.8153119092627599,0.8264719688415818,0.7743281311288348,0.7677539312167047,0.7718427187946644,0.7130946194907648,60382,13678,24294,65145,0.8585310332416014,0.8735997872319208,0.15257531756726536,0.014581453209153465
0.585,0.728373528326569,0.8153119092627599,0.8264719688415818,0.7743281311288348,0.7677539312167047,0.7718427187946644,0.7130946194907648,60382,13678,24294,65145,0.8585310332416014,0.8735997872319208,0.15257531756726536,0.014581453209153465
0.586,0.728373528326569,0.8153119092627599,0.8264719688415818,0.7743281311288348,0.7677539312167047,0.7718427187946644,0.7130946194907648,60382,13678,24294,65145,0.8585310332416014,0.8735997872319208,0.15257531756726536,0.014581453209153465
0.587,0.728373528326569,0.8153119092627599,0.8264719688415818,0.7743281311288348,0.7677539312167047,0.7718427187946644,0.7130946194907648,60382,13678,24294,65145,0.8585310332416014,0.8735997872319208,0.15257531756726536,0.014581453209153465
0.588,0.728373528326569,0.8153119092627599,0.8264719688415818,0.7743281311288348,0.7677539312167047,0.7718427187946644,0.7130946194907648,60382,13678,24294,65145,0.8585310332416014,0.8735997872319208,0.15257531756726536,0.014581453209153465
0.589,0.728373528326569,0.8153119092627599,0.8264719688415818,0.7743281311288348,0.7677539312167047,0.7718427187946644,0.7130946194907648,60382,13678,24294,65145,0.8585310332416014,0.8735997872319208,0.15257531756726536,0.014581453209153465
0.59,0.728373528326569,0.8153119092627599,0.8264719688415818,0.7743281311288348,0.7677539312167047,0.7718427187946644,0.7130946194907648,60382,13678,24294,65145,0.8585310332416014,0.8735997872319208,0.15257531756726536,0.014581453209153465
0.591,0.728373528326569,0.8153119092627599,0.8264719688415818,0.7743281311288348,0.7677539312167047,0.7718427187946644,0.7130946194907648,60382,13678,24294,65145,0.8585310332416014,0.8735997872319208,0.15257531756726536,0.014581453209153465
0.592,0.728373528326569,0.8153119092627599,0.8264719688415818,0.7743281311288348,0.7677539312167047,0.7718427187946644,0.7130946194907648,60382,13678,24294,65145,0.8585310332416014,0.8735997872319208,0.15257531756726536,0.014581453209153465
0.593,0.728373528326569,0.8153119092627599,0.8264719688415818,0.7743281311288348,0.7677539312167047,0.7718427187946644,0.7130946194907648,60382,13678,24294,65145,0.8585310332416014,0.8735997872319208,0.15257531756726536,0.014581453209153465
0.594,0.728373528326569,0.8153119092627599,0.8264719688415818,0.7743281311288348,0.7677539312167047,0.7718427187946644,0.7130946194907648,60382,13678,24294,65145,0.8585310332416014,0.8735997872319208,0.15257531756726536,0.014581453209153465
0.595,0.728373528326569,0.8153119092627599,0.8264719688415818,0.7743281311288348,0.7677539312167047,0.7718427187946644,0.7130946194907648,60382,13678,24294,65145,0.8585310332416014,0.8735997872319208,0.15257531756726536,0.014581453209153465
0.596,0.728373528326569,0.8153119092627599,0.8264719688415818,0.7743281311288348,0.7677539312167047,0.7718427187946644,0.7130946194907648,60382,13678,24294,65145,0.8585310332416014,0.8735997872319208,0.15257531756726536,0.014581453209153465
0.597,0.728373528326569,0.8153119092627599,0.8264719688415818,0.7743281311288348,0.7677539312167047,0.7718427187946644,0.7130946194907648,60382,13678,24294,65145,0.8585310332416014,0.8735997872319208,0.15257531756726536,0.014581453209153465
0.598,0.728373528326569,0.8153119092627599,0.8264719688415818,0.7743281311288348,0.7677539312167047,0.7718427187946644,0.7130946194907648,60382,13678,24294,65145,0.8585310332416014,0.8735997872319208,0.15257531756726536,0.014581453209153465
0.599,0.728373528326569,0.8153119092627599,0.8264719688415818,0.7743281311288348,0.7677539312167047,0.7718427187946644,0.7130946194907648,60382,13678,24294,65145,0.8585310332416014,0.8735997872319208,0.15257531756726536,0.014581453209153465
0.6,0.728373528326569,0.8153119092627599,0.8264719688415818,0.7743281311288348,0.7677539312167047,0.7718427187946644,0.7130946194907648,60382,13678,24294,65145,0.8585310332416014,0.8735997872319208,0.15257531756726536,0.014581453209153465
0.601,0.728373528326569,0.8153119092627599,0.8264719688415818,0.7743281311288348,0.7677539312167047,0.7718427187946644,0.7130946194907648,60382,13678,24294,65145,0.8585310332416014,0.8735997872319208,0.15257531756726536,0.014581453209153465
0.602,0.728373528326569,0.8153119092627599,0.8264719688415818,0.7743281311288348,0.7677539312167047,0.7718427187946644,0.7130946194907648,60382,13678,24294,65145,0.8585310332416014,0.8735997872319208,0.15257531756726536,0.014581453209153465
0.603,0.728373528326569,0.8153119092627599,0.8264719688415818,0.7743281311288348,0.7677539312167047,0.7718427187946644,0.7130946194907648,60382,13678,24294,65145,0.8585310332416014,0.8735997872319208,0.15257531756726536,0.014581453209153465
0.604,0.728373528326569,0.8153119092627599,0.8264719688415818,0.7743281311288348,0.7677539312167047,0.7718427187946644,0.7130946194907648,60382,13678,24294,65145,0.8585310332416014,0.8735997872319208,0.15257531756726536,0.014581453209153465
0.605,0.728373528326569,0.8153119092627599,0.8264719688415818,0.7743281311288348,0.7677539312167047,0.7718427187946644,0.7130946194907648,60382,13678,24294,65145,0.8585310332416014,0.8735997872319208,0.15257531756726536,0.014581453209153465
0.606,0.728373528326569,0.8153119092627599,0.8264719688415818,0.7743281311288348,0.7677539312167047,0.7718427187946644,0.7130946194907648,60382,13678,24294,65145,0.8585310332416014,0.8735997872319208,0.15257531756726536,0.014581453209153465
0.607,0.728373528326569,0.8153119092627599,0.8264719688415818,0.7743281311288348,0.7677539312167047,0.7718427187946644,0.7130946194907648,60382,13678,24294,65145,0.8585310332416014,0.8735997872319208,0.15257531756726536,0.014581453209153465
0.608,0.728373528326569,0.8153119092627599,0.8264719688415818,0.7743281311288348,0.7677539312167047,0.7718427187946644,0.7130946194907648,60382,13678,24294,65145,0.8585310332416014,0.8735997872319208,0.15257531756726536,0.014581453209153465
0.609,0.728373528326569,0.8153119092627599,0.8264719688415818,0.7743281311288348,0.7677539312167047,0.7718427187946644,0.7130946194907648,60382,13678,24294,65145,0.8585310332416014,0.8735997872319208,0.15257531756726536,0.014581453209153465
0.61,0.6742137099028388,0.8543208209559816,0.8482346321564215,0.751278585177756,0.7557966715392754,0.7642672654294103,0.6846843922128797,63271,10789,29138,60301,0.8585310332416014,0.8735997872319208,0.15257531756726536,0.014581453209153465
0.611,0.6742137099028388,0.8543208209559816,0.8482346321564215,0.751278585177756,0.7557966715392754,0.7642672654294103,0.6846843922128797,63271,10789,29138,60301,0.8585310332416014,0.8735997872319208,0.15257531756726536,0.014581453209153465
0.612,0.6742137099028388,0.8543208209559816,0.8482346321564215,0.751278585177756,0.7557966715392754,0.7642672654294103,0.6846843922128797,63271,10789,29138,60301,0.8585310332416014,0.8735997872319208,0.15257531756726536,0.014581453209153465
0.613,0.6742137099028388,0.8543208209559816,0.8482346321564215,0.751278585177756,0.7557966715392754,0.7642672654294103,0.6846843922128797,63271,10789,29138,60301,0.8585310332416014,0.8735997872319208,0.15257531756726536,0.014581453209153465
0.614,0.6742137099028388,0.8543208209559816,0.8482346321564215,0.751278585177756,0.7557966715392754,0.7642672654294103,0.6846843922128797,63271,10789,29138,60301,0.8585310332416014,0.8735997872319208,0.15257531756726536,0.014581453209153465
0.615,0.6742137099028388,0.8543208209559816,0.8482346321564215,0.751278585177756,0.7557966715392754,0.7642672654294103,0.6846843922128797,63271,10789,29138,60301,0.8585310332416014,0.8735997872319208,0.15257531756726536,0.014581453209153465
0.616,0.6742137099028388,0.8543208209559816,0.8482346321564215,0.751278585177756,0.7557966715392754,0.7642672654294103,0.6846843922128797,63271,10789,29138,60301,0.8585310332416014,0.8735997872319208,0.15257531756726536,0.014581453209153465
0.617,0.6742137099028388,0.8543208209559816,0.8482346321564215,0.751278585177756,0.7557966715392754,0.7642672654294103,0.6846843922128797,63271,10789,29138,60301,0.8585310332416014,0.8735997872319208,0.15257531756726536,0.014581453209153465
0.618,0.6742137099028388,0.8543208209559816,0.8482346321564215,0.751278585177756,0.7557966715392754,0.7642672654294103,0.6846843922128797,63271,10789,29138,60301,0.8585310332416014,0.8735997872319208,0.15257531756726536,0.014581453209153465
0.619,0.6742137099028388,0.8543208209559816,0.8482346321564215,0.751278585177756,0.7557966715392754,0.7642672654294103,0.6846843922128797,63271,10789,29138,60301,0.8585310332416014,0.8735997872319208,0.15257531756726536,0.014581453209153465
0.62,0.6742137099028388,0.8543208209559816,0.8482346321564215,0.751278585177756,0.7557966715392754,0.7642672654294103,0.6846843922128797,63271,10789,29138,60301,0.8585310332416014,0.8735997872319208,0.15257531756726536,0.014581453209153465
0.621,0.6742137099028388,0.8543208209559816,0.8482346321564215,0.751278585177756,0.7557966715392754,0.7642672654294103,0.6846843922128797,63271,10789,29138,60301,0.8585310332416014,0.8735997872319208,0.15257531756726536,0.014581453209153465
0.622,0.6742137099028388,0.8543208209559816,0.8482346321564215,0.751278585177756,0.7557966715392754,0.7642672654294103,0.6846843922128797,63271,10789,29138,60301,0.8585310332416014,0.8735997872319208,0.15257531756726536,0.014581453209153465
0.623,0.6742137099028388,0.8543208209559816,0.8482346321564215,0.751278585177756,0.7557966715392754,0.7642672654294103,0.6846843922128797,63271,10789,29138,60301,0.8585310332416014,0.8735997872319208,0.15257531756726536,0.014581453209153465
0.624,0.6742137099028388,0.8543208209559816,0.8482346321564215,0.751278585177756,0.7557966715392754,0.7642672654294103,0.6846843922128797,63271,10789,29138,60301,0.8585310332416014,0.8735997872319208,0.15257531756726536,0.014581453209153465
0.625,0.6742137099028388,0.8543208209559816,0.8482346321564215,0.751278585177756,0.7557966715392754,0.7642672654294103,0.6846843922128797,63271,10789,29138,60301,0.8585310332416014,0.8735997872319208,0.15257531756726536,0.014581453209153465
0.626,0.6742137099028388,0.8543208209559816,0.8482346321564215,0.751278585177756,0.7557966715392754,0.7642672654294103,0.6846843922128797,63271,10789,29138,60301,0.8585310332416014,0.8735997872319208,0.15257531756726536,0.014581453209153465
0.627,0.6742137099028388,0.8543208209559816,0.8482346321564215,0.751278585177756,0.7557966715392754,0.7642672654294103,0.6846843922128797,63271,10789,29138,60301,0.8585310332416014,0.8735997872319208,0.15257531756726536,0.014581453209153465
0.628,0.6742137099028388,0.8543208209559816,0.8482346321564215,0.751278585177756,0.7557966715392754,0.7642672654294103,0.6846843922128797,63271,10789,29138,60301,0.8585310332416014,0.8735997872319208,0.15257531756726536,0.014581453209153465
0.629,0.6742137099028388,0.8543208209559816,0.8482346321564215,0.751278585177756,0.7557966715392754,0.7642672654294103,0.6846843922128797,63271,10789,29138,60301,0.8585310332416014,0.8735997872319208,0.15257531756726536,0.014581453209153465
0.63,0.6742137099028388,0.8543208209559816,0.8482346321564215,0.751278585177756,0.7557966715392754,0.7642672654294103,0.6846843922128797,63271,10789,29138,60301,0.8585310332416014,0.8735997872319208,0.15257531756726536,0.014581453209153465
0.631,0.6742137099028388,0.8543208209559816,0.8482346321564215,0.751278585177756,0.7557966715392754,0.7642672654294103,0.6846843922128797,63271,10789,29138,60301,0.8585310332416014,0.8735997872319208,0.15257531756726536,0.014581453209153465
0.632,0.6742137099028388,0.8543208209559816,0.8482346321564215,0.751278585177756,0.7557966715392754,0.7642672654294103,0.6846843922128797,63271,10789,29138,60301,0.8585310332416014,0.8735997872319208,0.15257531756726536,0.014581453209153465
0.633,0.6742137099028388,0.8543208209559816,0.8482346321564215,0.751278585177756,0.7557966715392754,0.7642672654294103,0.6846843922128797,63271,10789,29138,60301,0.8585310332416014,0.8735997872319208,0.15257531756726536,0.014581453209153465
0.634,0.6742137099028388,0.8543208209559816,0.8482346321564215,0.751278585177756,0.7557966715392754,0.7642672654294103,0.6846843922128797,63271,10789,29138,60301,0.8585310332416014,0.8735997872319208,0.15257531756726536,0.014581453209153465
0.635,0.6742137099028388,0.8543208209559816,0.8482346321564215,0.751278585177756,0.7557966715392754,0.7642672654294103,0.6846843922128797,63271,10789,29138,60301,0.8585310332416014,0.8735997872319208,0.15257531756726536,0.014581453209153465
0.636,0.6742137099028388,0.8543208209559816,0.8482346321564215,0.751278585177756,0.7557966715392754,0.7642672654294103,0.6846843922128797,63271,10789,29138,60301,0.8585310332416014,0.8735997872319208,0.15257531756726536,0.014581453209153465
0.637,0.6742137099028388,0.8543208209559816,0.8482346321564215,0.751278585177756,0.7557966715392754,0.7642672654294103,0.6846843922128797,63271,10789,29138,60301,0.8585310332416014,0.8735997872319208,0.15257531756726536,0.014581453209153465
0.638,0.6742137099028388,0.8543208209559816,0.8482346321564215,0.751278585177756,0.7557966715392754,0.7642672654294103,0.6846843922128797,63271,10789,29138,60301,0.8585310332416014,0.8735997872319208,0.15257531756726536,0.014581453209153465
0.639,0.6742137099028388,0.8543208209559816,0.8482346321564215,0.751278585177756,0.7557966715392754,0.7642672654294103,0.6846843922128797,63271,10789,29138,60301,0.8585310332416014,0.8735997872319208,0.15257531756726536,0.014581453209153465
0.64,0.6742137099028388,0.8543208209559816,0.8482346321564215,0.751278585177756,0.7557966715392754,0.7642672654294103,0.6846843922128797,63271,10789,29138,60301,0.8585310332416014,0.8735997872319208,0.15257531756726536,0.014581453209153465
0.641,0.6742137099028388,0.8543208209559816,0.8482346321564215,0.751278585177756,0.7557966715392754,0.7642672654294103,0.6846843922128797,63271,10789,29138,60301,0.8585310332416014,0.8735997872319208,0.15257531756726536,0.014581453209153465
0.642,0.6742137099028388,0.8543208209559816,0.8482346321564215,0.751278585177756,0.7557966715392754,0.7642672654294103,0.6846843922128797,63271,10789,29138,60301,0.8585310332416014,0.8735997872319208,0.15257531756726536,0.014581453209153465
0.643,0.6742137099028388,0.8543208209559816,0.8482346321564215,0.751278585177756,0.7557966715392754,0.7642672654294103,0.6846843922128797,63271,10789,29138,60301,0.8585310332416014,0.8735997872319208,0.15257531756726536,0.014581453209153465
0.644,0.6742137099028388,0.8543208209559816,0.8482346321564215,0.751278585177756,0.7557966715392754,0.7642672654294103,0.6846843922128797,63271,10789,29138,60301,0.8585310332416014,0.8735997872319208,0.15257531756726536,0.014581453209153465
0.645,0.6742137099028388,0.8543208209559816,0.8482346321564215,0.751278585177756,0.7557966715392754,0.7642672654294103,0.6846843922128797,63271,10789,29138,60301,0.8585310332416014,0.8735997872319208,0.15257531756726536,0.014581453209153465
0.646,0.6742137099028388,0.8543208209559816,0.8482346321564215,0.751278585177756,0.7557966715392754,0.7642672654294103,0.6846843922128797,63271,10789,29138,60301,0.8585310332416014,0.8735997872319208,0.15257531756726536,0.014581453209153465
0.647,0.6742137099028388,0.8543208209559816,0.8482346321564215,0.751278585177756,0.7557966715392754,0.7642672654294103,0.6846843922128797,63271,10789,29138,60301,0.8585310332416014,0.8735997872319208,0.15257531756726536,0.014581453209153465
0.648,0.6742137099028388,0.8543208209559816,0.8482346321564215,0.751278585177756,0.7557966715392754,0.7642672654294103,0.6846843922128797,63271,10789,29138,60301,0.8585310332416014,0.8735997872319208,0.15257531756726536,0.014581453209153465
0.649,0.6742137099028388,0.8543208209559816,0.8482346321564215,0.751278585177756,0.7557966715392754,0.7642672654294103,0.6846843922128797,63271,10789,29138,60301,0.8585310332416014,0.8735997872319208,0.15257531756726536,0.014581453209153465
0.65,0.6742137099028388,0.8543208209559816,0.8482346321564215,0.751278585177756,0.7557966715392754,0.7642672654294103,0.6846843922128797,63271,10789,29138,60301,0.8585310332416014,0.8735997872319208,0.15257531756726536,0.014581453209153465
0.651,0.6742137099028388,0.8543208209559816,0.8482346321564215,0.751278585177756,0.7557966715392754,0.7642672654294103,0.6846843922128797,63271,10789,29138,60301,0.8585310332416014,0.8735997872319208,0.15257531756726536,0.014581453209153465
0.652,0.6742137099028388,0.8543208209559816,0.8482346321564215,0.751278585177756,0.7557966715392754,0.7642672654294103,0.6846843922128797,63271,10789,29138,60301,0.8585310332416014,0.8735997872319208,0.15257531756726536,0.014581453209153465
0.653,0.6742137099028388,0.8543208209559816,0.8482346321564215,0.751278585177756,0.7557966715392754,0.7642672654294103,0.6846843922128797,63271,10789,29138,60301,0.8585310332416014,0.8735997872319208,0.15257531756726536,0.014581453209153465
0.654,0.6742137099028388,0.8543208209559816,0.8482346321564215,0.751278585177756,0.7557966715392754,0.7642672654294103,0.6846843922128797,63271,10789,29138,60301,0.8585310332416014,0.8735997872319208,0.15257531756726536,0.014581453209153465
0.655,0.6742137099028388,0.8543208209559816,0.8482346321564215,0.751278585177756,0.7557966715392754,0.7642672654294103,0.6846843922128797,63271,10789,29138,60301,0.8585310332416014,0.8735997872319208,0.15257531756726536,0.014581453209153465
0.656,0.6742137099028388,0.8543208209559816,0.8482346321564215,0.751278585177756,0.7557966715392754,0.7642672654294103,0.6846843922128797,63271,10789,29138,60301,0.8585310332416014,0.8735997872319208,0.15257531756726536,0.014581453209153465
0.657,0.6742137099028388,0.8543208209559816,0.8482346321564215,0.751278585177756,0.7557966715392754,0.7642672654294103,0.6846843922128797,63271,10789,29138,60301,0.8585310332416014,0.8735997872319208,0.15257531756726536,0.014581453209153465
0.658,0.6742137099028388,0.8543208209559816,0.8482346321564215,0.751278585177756,0.7557966715392754,0.7642672654294103,0.6846843922128797,63271,10789,29138,60301,0.8585310332416014,0.8735997872319208,0.15257531756726536,0.014581453209153465
0.659,0.6742137099028388,0.8543208209559816,0.8482346321564215,0.751278585177756,0.7557966715392754,0.7642672654294103,0.6846843922128797,63271,10789,29138,60301,0.8585310332416014,0.8735997872319208,0.15257531756726536,0.014581453209153465
0.66,0.6742137099028388,0.8543208209559816,0.8482346321564215,0.751278585177756,0.7557966715392754,0.7642672654294103,0.6846843922128797,63271,10789,29138,60301,0.8585310332416014,0.8735997872319208,0.15257531756726536,0.014581453209153465
0.661,0.6742137099028388,0.8543208209559816,0.8482346321564215,0.751278585177756,0.7557966715392754,0.7642672654294103,0.6846843922128797,63271,10789,29138,60301,0.8585310332416014,0.8735997872319208,0.15257531756726536,0.014581453209153465
0.662,0.6742137099028388,0.8543208209559816,0.8482346321564215,0.751278585177756,0.7557966715392754,0.7642672654294103,0.6846843922128797,63271,10789,29138,60301,0.8585310332416014,0.8735997872319208,0.15257531756726536,0.014581453209153465
0.663,0.6742137099028388,0.8543208209559816,0.8482346321564215,0.751278585177756,0.7557966715392754,0.7642672654294103,0.6846843922128797,63271,10789,29138,60301,0.8585310332416014,0.8735997872319208,0.15257531756726536,0.014581453209153465
0.664,0.6738223817350373,0.8545368620037808,0.8483509058404538,0.7510811450790762,0.7556804628774488,0.764179621869409,0.6844797750378542,63287,10773,29173,60266,0.8585310332416014,0.8735997872319208,0.15257531756726536,0.014581453209153465
0.665,0.6738223817350373,0.8545368620037808,0.8483509058404538,0.7510811450790762,0.7556804628774488,0.764179621869409,0.6844797750378542,63287,10773,29173,60266,0.8585310332416014,0.8735997872319208,0.15257531756726536,0.014581453209153465
0.666,0.6738223817350373,0.8545368620037808,0.8483509058404538,0.7510811450790762,0.7556804628774488,0.764179621869409,0.6844797750378542,63287,10773,29173,60266,0.8585310332416014,0.8735997872319208,0.15257531756726536,0.014581453209153465
0.667,0.6738223817350373,0.8545368620037808,0.8483509058404538,0.7510811450790762,0.7556804628774488,0.764179621869409,0.6844797750378542,63287,10773,29173,60266,0.8585310332416014,0.8735997872319208,0.15257531756726536,0.014581453209153465
0.668,0.6738223817350373,0.8545368620037808,0.8483509058404538,0.7510811450790762,0.7556804628774488,0.764179621869409,0.6844797750378542,63287,10773,29173,60266,0.8585310332416014,0.8735997872319208,0.15257531756726536,0.014581453209153465
0.669,0.6738223817350373,0.8545368620037808,0.8483509058404538,0.7510811450790762,0.7556804628774488,0.764179621869409,0.6844797750378542,63287,10773,29173,60266,0.8585310332416014,0.8735997872319208,0.15257531756726536,0.014581453209153465
0.67,0.6738223817350373,0.8545368620037808,0.8483509058404538,0.7510811450790762,0.7556804628774488,0.764179621869409,0.6844797750378542,63287,10773,29173,60266,0.8585310332416014,0.8735997872319208,0.15257531756726536,0.014581453209153465
0.671,0.6738223817350373,0.8545368620037808,0.8483509058404538,0.7510811450790762,0.7556804628774488,0.764179621869409,0.6844797750378542,63287,10773,29173,60266,0.8585310332416014,0.8735997872319208,0.15257531756726536,0.014581453209153465
0.672,0.6738223817350373,0.8545368620037808,0.8483509058404538,0.7510811450790762,0.7556804628774488,0.764179621869409,0.6844797750378542,63287,10773,29173,60266,0.8585310332416014,0.8735997872319208,0.15257531756726536,0.014581453209153465
0.673,0.6738223817350373,0.8545368620037808,0.8483509058404538,0.7510811450790762,0.7556804628774488,0.764179621869409,0.6844797750378542,63287,10773,29173,60266,0.8585310332416014,0.8735997872319208,0.15257531756726536,0.014581453209153465
0.674,0.6738223817350373,0.8545368620037808,0.8483509058404538,0.7510811450790762,0.7556804628774488,0.764179621869409,0.6844797750378542,63287,10773,29173,60266,0.8585310332416014,0.8735997872319208,0.15257531756726536,0.014581453209153465
0.675,0.6738223817350373,0.8545368620037808,0.8483509058404538,0.7510811450790762,0.7556804628774488,0.764179621869409,0.6844797750378542,63287,10773,29173,60266,0.8585310332416014,0.8735997872319208,0.15257531756726536,0.014581453209153465
0.676,0.6738223817350373,0.8545368620037808,0.8483509058404538,0.7510811450790762,0.7556804628774488,0.764179621869409,0.6844797750378542,63287,10773,29173,60266,0.8585310332416014,0.8735997872319208,0.15257531756726536,0.014581453209153465
0.677,0.6738223817350373,0.8545368620037808,0.8483509058404538,0.7510811450790762,0.7556804628774488,0.764179621869409,0.6844797750378542,63287,10773,29173,60266,0.8585310332416014,0.8735997872319208,0.15257531756726536,0.014581453209153465
0.678,0.6738223817350373,0.8545368620037808,0.8483509058404538,0.7510811450790762,0.7556804628774488,0.764179621869409,0.6844797750378542,63287,10773,29173,60266,0.8585310332416014,0.8735997872319208,0.15257531756726536,0.014581453209153465
0.679,0.6738223817350373,0.8545368620037808,0.8483509058404538,0.7510811450790762,0.7556804628774488,0.764179621869409,0.6844797750378542,63287,10773,29173,60266,0.8585310332416014,0.8735997872319208,0.15257531756726536,0.014581453209153465
0.68,0.6738223817350373,0.8545368620037808,0.8483509058404538,0.7510811450790762,0.7556804628774488,0.764179621869409,0.6844797750378542,63287,10773,29173,60266,0.8585310332416014,0.8735997872319208,0.15257531756726536,0.014581453209153465
0.681,0.6738223817350373,0.8545368620037808,0.8483509058404538,0.7510811450790762,0.7556804628774488,0.764179621869409,0.6844797750378542,63287,10773,29173,60266,0.8585310332416014,0.8735997872319208,0.15257531756726536,0.014581453209153465
0.682,0.6738223817350373,0.8545368620037808,0.8483509058404538,0.7510811450790762,0.7556804628774488,0.764179621869409,0.6844797750378542,63287,10773,29173,60266,0.8585310332416014,0.8735997872319208,0.15257531756726536,0.014581453209153465
0.683,0.6738223817350373,0.8545368620037808,0.8483509058404538,0.7510811450790762,0.7556804628774488,0.764179621869409,0.6844797750378542,63287,10773,29173,60266,0.8585310332416014,0.8735997872319208,0.15257531756726536,0.014581453209153465
0.684,0.6738223817350373,0.8545368620037808,0.8483509058404538,0.7510811450790762,0.7556804628774488,0.764179621869409,0.6844797750378542,63287,10773,29173,60266,0.8585310332416014,0.8735997872319208,0.15257531756726536,0.014581453209153465
0.685,0.6738223817350373,0.8545368620037808,0.8483509058404538,0.7510811450790762,0.7556804628774488,0.764179621869409,0.6844797750378542,63287,10773,29173,60266,0.8585310332416014,0.8735997872319208,0.15257531756726536,0.014581453209153465
0.686,0.6738223817350373,0.8545368620037808,0.8483509058404538,0.7510811450790762,0.7556804628774488,0.764179621869409,0.6844797750378542,63287,10773,29173,60266,0.8585310332416014,0.8735997872319208,0.15257531756726536,0.014581453209153465
0.687,0.6738223817350373,0.8545368620037808,0.8483509058404538,0.7510811450790762,0.7556804628774488,0.764179621869409,0.6844797750378542,63287,10773,29173,60266,0.8585310332416014,0.8735997872319208,0.15257531756726536,0.014581453209153465
0.688,0.6738223817350373,0.8545368620037808,0.8483509058404538,0.7510811450790762,0.7556804628774488,0.764179621869409,0.6844797750378542,63287,10773,29173,60266,0.8585310332416014,0.8735997872319208,0.15257531756726536,0.014581453209153465
0.689,0.6738223817350373,0.8545368620037808,0.8483509058404538,0.7510811450790762,0.7556804628774488,0.764179621869409,0.6844797750378542,63287,10773,29173,60266,0.8585310332416014,0.8735997872319208,0.15257531756726536,0.014581453209153465
0.69,0.6738223817350373,0.8545368620037808,0.8483509058404538,0.7510811450790762,0.7556804628774488,0.764179621869409,0.6844797750378542,63287,10773,29173,60266,0.8585310332416014,0.8735997872319208,0.15257531756726536,0.014581453209153465
0.691,0.6738223817350373,0.8545368620037808,0.8483509058404538,0.7510811450790762,0.7556804628774488,0.764179621869409,0.6844797750378542,63287,10773,29173,60266,0.8585310332416014,0.8735997872319208,0.15257531756726536,0.014581453209153465
0.692,0.6738223817350373,0.8545368620037808,0.8483509058404538,0.7510811450790762,0.7556804628774488,0.764179621869409,0.6844797750378542,63287,10773,29173,60266,0.8585310332416014,0.8735997872319208,0.15257531756726536,0.014581453209153465
0.693,0.6738223817350373,0.8545368620037808,0.8483509058404538,0.7510811450790762,0.7556804628774488,0.764179621869409,0.6844797750378542,63287,10773,29173,60266,0.8585310332416014,0.8735997872319208,0.15257531756726536,0.014581453209153465
0.694,0.6738223817350373,0.8545368620037808,0.8483509058404538,0.7510811450790762,0.7556804628774488,0.764179621869409,0.6844797750378542,63287,10773,29173,60266,0.8585310332416014,0.8735997872319208,0.15257531756726536,0.014581453209153465
0.695,0.6738223817350373,0.8545368620037808,0.8483509058404538,0.7510811450790762,0.7556804628774488,0.764179621869409,0.6844797750378542,63287,10773,29173,60266,0.8585310332416014,0.8735997872319208,0.15257531756726536,0.014581453209153465
0.696,0.6738223817350373,0.8545368620037808,0.8483509058404538,0.7510811450790762,0.7556804628774488,0.764179621869409,0.6844797750378542,63287,10773,29173,60266,0.8585310332416014,0.8735997872319208,0.15257531756726536,0.014581453209153465
0.697,0.6738223817350373,0.8545368620037808,0.8483509058404538,0.7510811450790762,0.7556804628774488,0.764179621869409,0.6844797750378542,63287,10773,29173,60266,0.8585310332416014,0.8735997872319208,0.15257531756726536,0.014581453209153465
0.698,0.6738223817350373,0.8545368620037808,0.8483509058404538,0.7510811450790762,0.7556804628774488,0.764179621869409,0.6844797750378542,63287,10773,29173,60266,0.8585310332416014,0.8735997872319208,0.15257531756726536,0.014581453209153465
0.699,0.6738223817350373,0.8545368620037808,0.8483509058404538,0.7510811450790762,0.7556804628774488,0.764179621869409,0.6844797750378542,63287,10773,29173,60266,0.8585310332416014,0.8735997872319208,0.15257531756726536,0.014581453209153465
0.7,0.6738223817350373,0.8545368620037808,0.8483509058404538,0.7510811450790762,0.7556804628774488,0.764179621869409,0.6844797750378542,63287,10773,29173,60266,0.8585310332416014,0.8735997872319208,0.15257531756726536,0.014581453209153465
0.701,0.6738223817350373,0.8545368620037808,0.8483509058404538,0.7510811450790762,0.7556804628774488,0.764179621869409,0.6844797750378542,63287,10773,29173,60266,0.8585310332416014,0.8735997872319208,0.15257531756726536,0.014581453209153465
0.702,0.6647994722660137,0.8613826627059141,0.8527644316959484,0.747141313362318,0.7538455892696592,0.7630910674859639,0.6802951777678248,63794,10266,29980,59459,0.8585310332416014,0.8735997872319208,0.15257531756726536,0.014581453209153465
0.703,0.6647994722660137,0.8613826627059141,0.8527644316959484,0.747141313362318,0.7538455892696592,0.7630910674859639,0.6802951777678248,63794,10266,29980,59459,0.8585310332416014,0.8735997872319208,0.15257531756726536,0.014581453209153465
0.704,0.6647994722660137,0.8613826627059141,0.8527644316959484,0.747141313362318,0.7538455892696592,0.7630910674859639,0.6802951777678248,63794,10266,29980,59459,0.8585310332416014,0.8735997872319208,0.15257531756726536,0.014581453209153465
0.705,0.6647994722660137,0.8613826627059141,0.8527644316959484,0.747141313362318,0.7538455892696592,0.7630910674859639,0.6802951777678248,63794,10266,29980,59459,0.8585310332416014,0.8735997872319208,0.15257531756726536,0.014581453209153465
0.706,0.6635024989098716,0.8619767755873616,0.8530582908071588,0.7464340519735353,0.7534052196037896,0.7627396372486166,0.6796048289224349,63838,10222,30096,59343,0.8585310332416014,0.8735997872319208,0.15257531756726536,0.014581453209153465
0.707,0.6635024989098716,0.8619767755873616,0.8530582908071588,0.7464340519735353,0.7534052196037896,0.7627396372486166,0.6796048289224349,63838,10222,30096,59343,0.8585310332416014,0.8735997872319208,0.15257531756726536,0.014581453209153465
0.708,0.6635024989098716,0.8619767755873616,0.8530582908071588,0.7464340519735353,0.7534052196037896,0.7627396372486166,0.6796048289224349,63838,10222,30096,59343,0.8585310332416014,0.8735997872319208,0.15257531756726536,0.014581453209153465
0.709,0.6632006171804247,0.8620577909802862,0.8530748432376459,0.7462493159129652,0.7532767784512443,0.7626292040803555,0.6794300126640204,63844,10216,30123,59316,0.8585310332416014,0.8735997872319208,0.15257531756726536,0.014581453209153465
0.71,0.6632006171804247,0.8620577909802862,0.8530748432376459,0.7462493159129652,0.7532767784512443,0.7626292040803555,0.6794300126640204,63844,10216,30123,59316,0.8585310332416014,0.8735997872319208,0.15257531756726536,0.014581453209153465
0.711,0.6632006171804247,0.8620577909802862,0.8530748432376459,0.7462493159129652,0.7532767784512443,0.7626292040803555,0.6794300126640204,63844,10216,30123,59316,0.8585310332416014,0.8735997872319208,0.15257531756726536,0.014581453209153465
0.712,0.6632006171804247,0.8620577909802862,0.8530748432376459,0.7462493159129652,0.7532767784512443,0.7626292040803555,0.6794300126640204,63844,10216,30123,59316,0.8585310332416014,0.8735997872319208,0.15257531756726536,0.014581453209153465
0.713,0.6632006171804247,0.8620577909802862,0.8530748432376459,0.7462493159129652,0.7532767784512443,0.7626292040803555,0.6794300126640204,63844,10216,30123,59316,0.8585310332416014,0.8735997872319208,0.15257531756726536,0.014581453209153465
0.714,0.6632006171804247,0.8620577909802862,0.8530748432376459,0.7462493159129652,0.7532767784512443,0.7626292040803555,0.6794300126640204,63844,10216,30123,59316,0.8585310332416014,0.8735997872319208,0.15257531756726536,0.014581453209153465
0.715,0.6632006171804247,0.8620577909802862,0.8530748432376459,0.7462493159129652,0.7532767784512443,0.7626292040803555,0.6794300126640204,63844,10216,30123,59316,0.8585310332416014,0.8735997872319208,0.15257531756726536,0.014581453209153465
0.716,0.6632006171804247,0.8620577909802862,0.8530748432376459,0.7462493159129652,0.7532767784512443,0.7626292040803555,0.6794300126640204,63844,10216,30123,59316,0.8585310332416014,0.8735997872319208,0.15257531756726536,0.014581453209153465
0.717,0.5630206062232359,0.9166621658115042,0.89081517124257,0.6899641699836264,0.7232093162649312,0.73984138601737,0.6346392947621318,67888,6172,39083,50356,0.8585310332416014,0.8735997872319208,0.15257531756726536,0.014581453209153465
0.718,0.5630206062232359,0.9166621658115042,0.89081517124257,0.6899641699836264,0.7232093162649312,0.73984138601737,0.6346392947621318,67888,6172,39083,50356,0.8585310332416014,0.8735997872319208,0.15257531756726536,0.014581453209153465
0.719,0.5630206062232359,0.9166621658115042,0.89081517124257,0.6899641699836264,0.7232093162649312,0.73984138601737,0.6346392947621318,67888,6172,39083,50356,0.8585310332416014,0.8735997872319208,0.15257531756726536,0.014581453209153465
0.72,0.5630206062232359,0.9166621658115042,0.89081517124257,0.6899641699836264,0.7232093162649312,0.73984138601737,0.6346392947621318,67888,6172,39083,50356,0.8585310332416014,0.8735997872319208,0.15257531756726536,0.014581453209153465
0.721,0.5630206062232359,0.9166621658115042,0.89081517124257,0.6899641699836264,0.7232093162649312,0.73984138601737,0.6346392947621318,67888,6172,39083,50356,0.8585310332416014,0.8735997872319208,0.15257531756726536,0.014581453209153465
0.722,0.5630206062232359,0.9166621658115042,0.89081517124257,0.6899641699836264,0.7232093162649312,0.73984138601737,0.6346392947621318,67888,6172,39083,50356,0.8585310332416014,0.8735997872319208,0.15257531756726536,0.014581453209153465
0.723,0.5630206062232359,0.9166621658115042,0.89081517124257,0.6899641699836264,0.7232093162649312,0.73984138601737,0.6346392947621318,67888,6172,39083,50356,0.8585310332416014,0.8735997872319208,0.15257531756726536,0.014581453209153465
0.724,0.5630206062232359,0.9166621658115042,0.89081517124257,0.6899641699836264,0.7232093162649312,0.73984138601737,0.6346392947621318,67888,6172,39083,50356,0.8585310332416014,0.8735997872319208,0.15257531756726536,0.014581453209153465
0.725,0.5630206062232359,0.9166621658115042,0.89081517124257,0.6899641699836264,0.7232093162649312,0.73984138601737,0.6346392947621318,67888,6172,39083,50356,0.8585310332416014,0.8735997872319208,0.15257531756726536,0.014581453209153465
0.726,0.5630206062232359,0.9166621658115042,0.89081517124257,0.6899641699836264,0.7232093162649312,0.73984138601737,0.6346392947621318,67888,6172,39083,50356,0.8585310332416014,0.8735997872319208,0.15257531756726536,0.014581453209153465
0.727,0.5630206062232359,0.9166621658115042,0.89081517124257,0.6899641699836264,0.7232093162649312,0.73984138601737,0.6346392947621318,67888,6172,39083,50356,0.8585310332416014,0.8735997872319208,0.15257531756726536,0.014581453209153465
0.728,0.5630206062232359,0.9166621658115042,0.89081517124257,0.6899641699836264,0.7232093162649312,0.73984138601737,0.6346392947621318,67888,6172,39083,50356,0.8585310332416014,0.8735997872319208,0.15257531756726536,0.014581453209153465
0.729,0.5630206062232359,0.9166621658115042,0.89081517124257,0.6899641699836264,0.7232093162649312,0.73984138601737,0.6346392947621318,67888,6172,39083,50356,0.8585310332416014,0.8735997872319208,0.15257531756726536,0.014581453209153465
0.73,0.5630206062232359,0.9166621658115042,0.89081517124257,0.6899641699836264,0.7232093162649312,0.73984138601737,0.6346392947621318,67888,6172,39083,50356,0.8585310332416014,0.8735997872319208,0.15257531756726536,0.014581453209153465
0.731,0.5630206062232359,0.9166621658115042,0.89081517124257,0.6899641699836264,0.7232093162649312,0.73984138601737,0.6346392947621318,67888,6172,39083,50356,0.8585310332416014,0.8735997872319208,0.15257531756726536,0.014581453209153465
0.732,0.5630206062232359,0.9166621658115042,0.89081517124257,0.6899641699836264,0.7232093162649312,0.73984138601737,0.6346392947621318,67888,6172,39083,50356,0.8585310332416014,0.8735997872319208,0.15257531756726536,0.014581453209153465
0.733,0.5630206062232359,0.9166621658115042,0.89081517124257,0.6899641699836264,0.7232093162649312,0.73984138601737,0.6346392947621318,67888,6172,39083,50356,0.8585310332416014,0.8735997872319208,0.15257531756726536,0.014581453209153465
0.734,0.5630206062232359,0.9166621658115042,0.89081517124257,0.6899641699836264,0.7232093162649312,0.73984138601737,0.6346392947621318,67888,6172,39083,50356,0.8585310332416014,0.8735997872319208,0.15257531756726536,0.014581453209153465
0.735,0.5630206062232359,0.9166621658115042,0.89081517124257,0.6899641699836264,0.7232093162649312,0.73984138601737,0.6346392947621318,67888,6172,39083,50356,0.8585310332416014,0.8735997872319208,0.15257531756726536,0.014581453209153465
0.736,0.5630206062232359,0.9166621658115042,0.89081517124257,0.6899641699836264,0.7232093162649312,0.73984138601737,0.6346392947621318,67888,6172,39083,50356,0.8585310332416014,0.8735997872319208,0.15257531756726536,0.014581453209153465
0.737,0.5630206062232359,0.9166621658115042,0.89081517124257,0.6899641699836264,0.7232093162649312,0.73984138601737,0.6346392947621318,67888,6172,39083,50356,0.8585310332416014,0.8735997872319208,0.15257531756726536,0.014581453209153465
0.738,0.5630206062232359,0.9166621658115042,0.89081517124257,0.6899641699836264,0.7232093162649312,0.73984138601737,0.6346392947621318,67888,6172,39083,50356,0.8585310332416014,0.8735997872319208,0.15257531756726536,0.014581453209153465
0.739,0.5630206062232359,0.9166621658115042,0.89081517124257,0.6899641699836264,0.7232093162649312,0.73984138601737,0.6346392947621318,67888,6172,39083,50356,0.8585310332416014,0.8735997872319208,0.15257531756726536,0.014581453209153465
0.74,0.5630206062232359,0.9166621658115042,0.89081517124257,0.6899641699836264,0.7232093162649312,0.73984138601737,0.6346392947621318,67888,6172,39083,50356,0.8585310332416014,0.8735997872319208,0.15257531756726536,0.014581453209153465
0.741,0.5630206062232359,0.9166621658115042,0.89081517124257,0.6899641699836264,0.7232093162649312,0.73984138601737,0.6346392947621318,67888,6172,39083,50356,0.8585310332416014,0.8735997872319208,0.15257531756726536,0.014581453209153465
0.742,0.5630206062232359,0.9166621658115042,0.89081517124257,0.6899641699836264,0.7232093162649312,0.73984138601737,0.6346392947621318,67888,6172,39083,50356,0.8585310332416014,0.8735997872319208,0.15257531756726536,0.014581453209153465
0.743,0.5630206062232359,0.9166621658115042,0.89081517124257,0.6899641699836264,0.7232093162649312,0.73984138601737,0.6346392947621318,67888,6172,39083,50356,0.8585310332416014,0.8735997872319208,0.15257531756726536,0.014581453209153465
0.744,0.5630206062232359,0.9166621658115042,0.89081517124257,0.6899641699836264,0.7232093162649312,0.73984138601737,0.6346392947621318,67888,6172,39083,50356,0.8585310332416014,0.8735997872319208,0.15257531756726536,0.014581453209153465
0.745,0.5630206062232359,0.9166621658115042,0.89081517124257,0.6899641699836264,0.7232093162649312,0.73984138601737,0.6346392947621318,67888,6172,39083,50356,0.8585310332416014,0.8735997872319208,0.15257531756726536,0.014581453209153465
0.746,0.5630206062232359,0.9166621658115042,0.89081517124257,0.6899641699836264,0.7232093162649312,0.73984138601737,0.6346392947621318,67888,6172,39083,50356,0.8585310332416014,0.8735997872319208,0.15257531756726536,0.014581453209153465
0.747,0.5630206062232359,0.9166621658115042,0.89081517124257,0.6899641699836264,0.7232093162649312,0.73984138601737,0.6346392947621318,67888,6172,39083,50356,0.8585310332416014,0.8735997872319208,0.15257531756726536,0.014581453209153465
0.748,0.5630206062232359,0.9166621658115042,0.89081517124257,0.6899641699836264,0.7232093162649312,0.73984138601737,0.6346392947621318,67888,6172,39083,50356,0.8585310332416014,0.8735997872319208,0.15257531756726536,0.014581453209153465
0.749,0.5630206062232359,0.9166621658115042,0.89081517124257,0.6899641699836264,0.7232093162649312,0.73984138601737,0.6346392947621318,67888,6172,39083,50356,0.8585310332416014,0.8735997872319208,0.15257531756726536,0.014581453209153465
0.75,0.5630206062232359,0.9166621658115042,0.89081517124257,0.6899641699836264,0.7232093162649312,0.73984138601737,0.6346392947621318,67888,6172,39083,50356,0.8585310332416014,0.8735997872319208,0.15257531756726536,0.014581453209153465
0.751,0.5630206062232359,0.9166621658115042,0.89081517124257,0.6899641699836264,0.7232093162649312,0.73984138601737,0.6346392947621318,67888,6172,39083,50356,0.8585310332416014,0.8735997872319208,0.15257531756726536,0.014581453209153465
0.752,0.5630206062232359,0.9166621658115042,0.89081517124257,0.6899641699836264,0.7232093162649312,0.73984138601737,0.6346392947621318,67888,6172,39083,50356,0.8585310332416014,0.8735997872319208,0.15257531756726536,0.014581453209153465
0.753,0.5630206062232359,0.9166621658115042,0.89081517124257,0.6899641699836264,0.7232093162649312,0.73984138601737,0.6346392947621318,67888,6172,39083,50356,0.8585310332416014,0.8735997872319208,0.15257531756726536,0.014581453209153465
0.754,0.5630206062232359,0.9166621658115042,0.89081517124257,0.6899641699836264,0.7232093162649312,0.73984138601737,0.6346392947621318,67888,6172,39083,50356,0.8585310332416014,0.8735997872319208,0.15257531756726536,0.014581453209153465
0.755,0.5630206062232359,0.9166621658115042,0.89081517124257,0.6899641699836264,0.7232093162649312,0.73984138601737,0.6346392947621318,67888,6172,39083,50356,0.8585310332416014,0.8735997872319208,0.15257531756726536,0.014581453209153465
0.756,0.5630206062232359,0.9166621658115042,0.89081517124257,0.6899641699836264,0.7232093162649312,0.73984138601737,0.6346392947621318,67888,6172,39083,50356,0.8585310332416014,0.8735997872319208,0.15257531756726536,0.014581453209153465
0.757,0.5630206062232359,0.9166621658115042,0.89081517124257,0.6899641699836264,0.7232093162649312,0.73984138601737,0.6346392947621318,67888,6172,39083,50356,0.8585310332416014,0.8735997872319208,0.15257531756726536,0.014581453209153465
0.758,0.5630206062232359,0.9166621658115042,0.89081517124257,0.6899641699836264,0.7232093162649312,0.73984138601737,0.6346392947621318,67888,6172,39083,50356,0.8585310332416014,0.8735997872319208,0.15257531756726536,0.014581453209153465
0.759,0.5621261418396897,0.9187145557655955,0.8930652266590877,0.6899646618863005,0.7236496859308008,0.7404203488026426,0.6346837308657407,68040,6020,39163,50276,0.8585310332416014,0.8735997872319208,0.15257531756726536,0.014581453209153465
0.76,0.5621261418396897,0.9187145557655955,0.8930652266590877,0.6899646618863005,0.7236496859308008,0.7404203488026426,0.6346837308657407,68040,6020,39163,50276,0.8585310332416014,0.8735997872319208,0.15257531756726536,0.014581453209153465
0.761,0.5621261418396897,0.9187145557655955,0.8930652266590877,0.6899646618863005,0.7236496859308008,0.7404203488026426,0.6346837308657407,68040,6020,39163,50276,0.8585310332416014,0.8735997872319208,0.15257531756726536,0.014581453209153465
0.762,0.5621261418396897,0.9187145557655955,0.8930652266590877,0.6899646618863005,0.7236496859308008,0.7404203488026426,0.6346837308657407,68040,6020,39163,50276,0.8585310332416014,0.8735997872319208,0.15257531756726536,0.014581453209153465
0.763,0.5621261418396897,0.9187145557655955,0.8930652266590877,0.6899646618863005,0.7236496859308008,0.7404203488026426,0.6346837308657407,68040,6020,39163,50276,0.8585310332416014,0.8735997872319208,0.15257531756726536,0.014581453209153465
0.764,0.5621261418396897,0.9187145557655955,0.8930652266590877,0.6899646618863005,0.7236496859308008,0.7404203488026426,0.6346837308657407,68040,6020,39163,50276,0.8585310332416014,0.8735997872319208,0.15257531756726536,0.014581453209153465
0.765,0.5621261418396897,0.9187145557655955,0.8930652266590877,0.6899646618863005,0.7236496859308008,0.7404203488026426,0.6346837308657407,68040,6020,39163,50276,0.8585310332416014,0.8735997872319208,0.15257531756726536,0.014581453209153465
0.766,0.5621261418396897,0.9187145557655955,0.8930652266590877,0.6899646618863005,0.7236496859308008,0.7404203488026426,0.6346837308657407,68040,6020,39163,50276,0.8585310332416014,0.8735997872319208,0.15257531756726536,0.014581453209153465
0.767,0.5621261418396897,0.9187145557655955,0.8930652266590877,0.6899646618863005,0.7236496859308008,0.7404203488026426,0.6346837308657407,68040,6020,39163,50276,0.8585310332416014,0.8735997872319208,0.15257531756726536,0.014581453209153465
0.768,0.5621261418396897,0.9187145557655955,0.8930652266590877,0.6899646618863005,0.7236496859308008,0.7404203488026426,0.6346837308657407,68040,6020,39163,50276,0.8585310332416014,0.8735997872319208,0.15257531756726536,0.014581453209153465
0.769,0.5621261418396897,0.9187145557655955,0.8930652266590877,0.6899646618863005,0.7236496859308008,0.7404203488026426,0.6346837308657407,68040,6020,39163,50276,0.8585310332416014,0.8735997872319208,0.15257531756726536,0.014581453209153465
0.77,0.5621261418396897,0.9187145557655955,0.8930652266590877,0.6899646618863005,0.7236496859308008,0.7404203488026426,0.6346837308657407,68040,6020,39163,50276,0.8585310332416014,0.8735997872319208,0.15257531756726536,0.014581453209153465
0.771,0.5621261418396897,0.9187145557655955,0.8930652266590877,0.6899646618863005,0.7236496859308008,0.7404203488026426,0.6346837308657407,68040,6020,39163,50276,0.8585310332416014,0.8735997872319208,0.15257531756726536,0.014581453209153465
0.772,0.5621261418396897,0.9187145557655955,0.8930652266590877,0.6899646618863005,0.7236496859308008,0.7404203488026426,0.6346837308657407,68040,6020,39163,50276,0.8585310332416014,0.8735997872319208,0.15257531756726536,0.014581453209153465
0.773,0.5621261418396897,0.9187145557655955,0.8930652266590877,0.6899646618863005,0.7236496859308008,0.7404203488026426,0.6346837308657407,68040,6020,39163,50276,0.8585310332416014,0.8735997872319208,0.15257531756726536,0.014581453209153465
0.774,0.5621261418396897,0.9187145557655955,0.8930652266590877,0.6899646618863005,0.7236496859308008,0.7404203488026426,0.6346837308657407,68040,6020,39163,50276,0.8585310332416014,0.8735997872319208,0.15257531756726536,0.014581453209153465
0.775,0.5135008217891524,0.9378071833648394,0.908851641501593,0.6562312462492498,0.7056985058012587,0.7256540025769959,0.614822158879663,69454,4606,43512,45927,0.8585310332416014,0.8735997872319208,0.15257531756726536,0.014581453209153465
0.776,0.5135008217891524,0.9378071833648394,0.908851641501593,0.6562312462492498,0.7056985058012587,0.7256540025769959,0.614822158879663,69454,4606,43512,45927,0.8585310332416014,0.8735997872319208,0.15257531756726536,0.014581453209153465
0.777,0.5135008217891524,0.9378071833648394,0.908851641501593,0.6562312462492498,0.7056985058012587,0.7256540025769959,0.614822158879663,69454,4606,43512,45927,0.8585310332416014,0.8735997872319208,0.15257531756726536,0.014581453209153465
0.778,0.5135008217891524,0.9378071833648394,0.908851641501593,0.6562312462492498,0.7056985058012587,0.7256540025769959,0.614822158879663,69454,4606,43512,45927,0.8585310332416014,0.8735997872319208,0.15257531756726536,0.014581453209153465
0.779,0.49492950502577177,0.9442073994058872,0.9146245712632753,0.6422948845375335,0.698438522559771,0.7195684522158294,0.6075359901304072,69928,4132,45173,44266,0.8585310332416014,0.8735997872319208,0.15257531756726536,0.014581453209153465
0.78,0.49492950502577177,0.9442073994058872,0.9146245712632753,0.6422948845375335,0.698438522559771,0.7195684522158294,0.6075359901304072,69928,4132,45173,44266,0.8585310332416014,0.8735997872319208,0.15257531756726536,0.014581453209153465
0.781,0.49492950502577177,0.9442073994058872,0.9146245712632753,0.6422948845375335,0.698438522559771,0.7195684522158294,0.6075359901304072,69928,4132,45173,44266,0.8585310332416014,0.8735997872319208,0.15257531756726536,0.014581453209153465
0.782,0.49492950502577177,0.9442073994058872,0.9146245712632753,0.6422948845375335,0.698438522559771,0.7195684522158294,0.6075359901304072,69928,4132,45173,44266,0.8585310332416014,0.8735997872319208,0.15257531756726536,0.014581453209153465
0.783,0.44610293048893657,0.9587091547394004,0.9288125334636963,0.6027221366204417,0.6782977265915999,0.7024060426141685,0.5890229131754907,71002,3058,49540,39899,0.8585310332416014,0.8735997872319208,0.15257531756726536,0.014581453209153465
0.784,0.44610293048893657,0.9587091547394004,0.9288125334636963,0.6027221366204417,0.6782977265915999,0.7024060426141685,0.5890229131754907,71002,3058,49540,39899,0.8585310332416014,0.8735997872319208,0.15257531756726536,0.014581453209153465
0.785,0.44610293048893657,0.9587091547394004,0.9288125334636963,0.6027221366204417,0.6782977265915999,0.7024060426141685,0.5890229131754907,71002,3058,49540,39899,0.8585310332416014,0.8735997872319208,0.15257531756726536,0.014581453209153465
0.786,0.44610293048893657,0.9587091547394004,0.9288125334636963,0.6027221366204417,0.6782977265915999,0.7024060426141685,0.5890229131754907,71002,3058,49540,39899,0.8585310332416014,0.8735997872319208,0.15257531756726536,0.014581453209153465
0.787,0.44610293048893657,0.9587091547394004,0.9288125334636963,0.6027221366204417,0.6782977265915999,0.7024060426141685,0.5890229131754907,71002,3058,49540,39899,0.8585310332416014,0.8735997872319208,0.15257531756726536,0.014581453209153465
0.788,0.44610293048893657,0.9587091547394004,0.9288125334636963,0.6027221366204417,0.6782977265915999,0.7024060426141685,0.5890229131754907,71002,3058,49540,39899,0.8585310332416014,0.8735997872319208,0.15257531756726536,0.014581453209153465
0.789,0.44610293048893657,0.9587091547394004,0.9288125334636963,0.6027221366204417,0.6782977265915999,0.7024060426141685,0.5890229131754907,71002,3058,49540,39899,0.8585310332416014,0.8735997872319208,0.15257531756726536,0.014581453209153465
0.79,0.44610293048893657,0.9587091547394004,0.9288125334636963,0.6027221366204417,0.6782977265915999,0.7024060426141685,0.5890229131754907,71002,3058,49540,39899,0.8585310332416014,0.8735997872319208,0.15257531756726536,0.014581453209153465
0.791,0.44610293048893657,0.9587091547394004,0.9288125334636963,0.6027221366204417,0.6782977265915999,0.7024060426141685,0.5890229131754907,71002,3058,49540,39899,0.8585310332416014,0.8735997872319208,0.15257531756726536,0.014581453209153465
0.792,0.44610293048893657,0.9587091547394004,0.9288125334636963,0.6027221366204417,0.6782977265915999,0.7024060426141685,0.5890229131754907,71002,3058,49540,39899,0.8585310332416014,0.8735997872319208,0.15257531756726536,0.014581453209153465
0.793,0.44610293048893657,0.9587091547394004,0.9288125334636963,0.6027221366204417,0.6782977265915999,0.7024060426141685,0.5890229131754907,71002,3058,49540,39899,0.8585310332416014,0.8735997872319208,0.15257531756726536,0.014581453209153465
0.794,0.44610293048893657,0.9587091547394004,0.9288125334636963,0.6027221366204417,0.6782977265915999,0.7024060426141685,0.5890229131754907,71002,3058,49540,39899,0.8585310332416014,0.8735997872319208,0.15257531756726536,0.014581453209153465
0.795,0.44610293048893657,0.9587091547394004,0.9288125334636963,0.6027221366204417,0.6782977265915999,0.7024060426141685,0.5890229131754907,71002,3058,49540,39899,0.8585310332416014,0.8735997872319208,0.15257531756726536,0.014581453209153465
0.796,0.44610293048893657,0.9587091547394004,0.9288125334636963,0.6027221366204417,0.6782977265915999,0.7024060426141685,0.5890229131754907,71002,3058,49540,39899,0.8585310332416014,0.8735997872319208,0.15257531756726536,0.014581453209153465
0.797,0.44610293048893657,0.9587091547394004,0.9288125334636963,0.6027221366204417,0.6782977265915999,0.7024060426141685,0.5890229131754907,71002,3058,49540,39899,0.8585310332416014,0.8735997872319208,0.15257531756726536,0.014581453209153465
0.798,0.44610293048893657,0.9587091547394004,0.9288125334636963,0.6027221366204417,0.6782977265915999,0.7024060426141685,0.5890229131754907,71002,3058,49540,39899,0.8585310332416014,0.8735997872319208,0.15257531756726536,0.014581453209153465
0.799,0.44610293048893657,0.9587091547394004,0.9288125334636963,0.6027221366204417,0.6782977265915999,0.7024060426141685,0.5890229131754907,71002,3058,49540,39899,0.8585310332416014,0.8735997872319208,0.15257531756726536,0.014581453209153465
0.8,0.44610293048893657,0.9587091547394004,0.9288125334636963,0.6027221366204417,0.6782977265915999,0.7024060426141685,0.5890229131754907,71002,3058,49540,39899,0.8585310332416014,0.8735997872319208,0.15257531756726536,0.014581453209153465
0.801,0.44610293048893657,0.9587091547394004,0.9288125334636963,0.6027221366204417,0.6782977265915999,0.7024060426141685,0.5890229131754907,71002,3058,49540,39899,0.8585310332416014,0.8735997872319208,0.15257531756726536,0.014581453209153465
0.802,0.44610293048893657,0.9587091547394004,0.9288125334636963,0.6027221366204417,0.6782977265915999,0.7024060426141685,0.5890229131754907,71002,3058,49540,39899,0.8585310332416014,0.8735997872319208,0.15257531756726536,0.014581453209153465
0.803,0.44610293048893657,0.9587091547394004,0.9288125334636963,0.6027221366204417,0.6782977265915999,0.7024060426141685,0.5890229131754907,71002,3058,49540,39899,0.8585310332416014,0.8735997872319208,0.15257531756726536,0.014581453209153465
0.804,0.44610293048893657,0.9587091547394004,0.9288125334636963,0.6027221366204417,0.6782977265915999,0.7024060426141685,0.5890229131754907,71002,3058,49540,39899,0.8585310332416014,0.8735997872319208,0.15257531756726536,0.014581453209153465
0.805,0.44610293048893657,0.9587091547394004,0.9288125334636963,0.6027221366204417,0.6782977265915999,0.7024060426141685,0.5890229131754907,71002,3058,49540,39899,0.8585310332416014,0.8735997872319208,0.15257531756726536,0.014581453209153465
0.806,0.44610293048893657,0.9587091547394004,0.9288125334636963,0.6027221366204417,0.6782977265915999,0.7024060426141685,0.5890229131754907,71002,3058,49540,39899,0.8585310332416014,0.8735997872319208,0.15257531756726536,0.014581453209153465
0.807,0.44610293048893657,0.9587091547394004,0.9288125334636963,0.6027221366204417,0.6782977265915999,0.7024060426141685,0.5890229131754907,71002,3058,49540,39899,0.8585310332416014,0.8735997872319208,0.15257531756726536,0.014581453209153465
0.808,0.44610293048893657,0.9587091547394004,0.9288125334636963,0.6027221366204417,0.6782977265915999,0.7024060426141685,0.5890229131754907,71002,3058,49540,39899,0.8585310332416014,0.8735997872319208,0.15257531756726536,0.014581453209153465
0.809,0.44610293048893657,0.9587091547394004,0.9288125334636963,0.6027221366204417,0.6782977265915999,0.7024060426141685,0.5890229131754907,71002,3058,49540,39899,0.8585310332416014,0.8735997872319208,0.15257531756726536,0.014581453209153465
0.81,0.44610293048893657,0.9587091547394004,0.9288125334636963,0.6027221366204417,0.6782977265915999,0.7024060426141685,0.5890229131754907,71002,3058,49540,39899,0.8585310332416014,0.8735997872319208,0.15257531756726536,0.014581453209153465
0.811,0.44610293048893657,0.9587091547394004,0.9288125334636963,0.6027221366204417,0.6782977265915999,0.7024060426141685,0.5890229131754907,71002,3058,49540,39899,0.8585310332416014,0.8735997872319208,0.15257531756726536,0.014581453209153465
0.812,0.44610293048893657,0.9587091547394004,0.9288125334636963,0.6027221366204417,0.6782977265915999,0.7024060426141685,0.5890229131754907,71002,3058,49540,39899,0.8585310332416014,0.8735997872319208,0.15257531756726536,0.014581453209153465
0.813,0.44610293048893657,0.9587091547394004,0.9288125334636963,0.6027221366204417,0.6782977265915999,0.7024060426141685,0.5890229131754907,71002,3058,49540,39899,0.8585310332416014,0.8735997872319208,0.15257531756726536,0.014581453209153465
0.814,0.44610293048893657,0.9587091547394004,0.9288125334636963,0.6027221366204417,0.6782977265915999,0.7024060426141685,0.5890229131754907,71002,3058,49540,39899,0.8585310332416014,0.8735997872319208,0.15257531756726536,0.014581453209153465
0.815,0.44610293048893657,0.9587091547394004,0.9288125334636963,0.6027221366204417,0.6782977265915999,0.7024060426141685,0.5890229131754907,71002,3058,49540,39899,0.8585310332416014,0.8735997872319208,0.15257531756726536,0.014581453209153465
0.816,0.44610293048893657,0.9587091547394004,0.9288125334636963,0.6027221366204417,0.6782977265915999,0.7024060426141685,0.5890229131754907,71002,3058,49540,39899,0.8585310332416014,0.8735997872319208,0.15257531756726536,0.014581453209153465
0.817,0.44610293048893657,0.9587091547394004,0.9288125334636963,0.6027221366204417,0.6782977265915999,0.7024060426141685,0.5890229131754907,71002,3058,49540,39899,0.8585310332416014,0.8735997872319208,0.15257531756726536,0.014581453209153465
0.818,0.44610293048893657,0.9587091547394004,0.9288125334636963,0.6027221366204417,0.6782977265915999,0.7024060426141685,0.5890229131754907,71002,3058,49540,39899,0.8585310332416014,0.8735997872319208,0.15257531756726536,0.014581453209153465
0.819,0.44610293048893657,0.9587091547394004,0.9288125334636963,0.6027221366204417,0.6782977265915999,0.7024060426141685,0.5890229131754907,71002,3058,49540,39899,0.8585310332416014,0.8735997872319208,0.15257531756726536,0.014581453209153465
0.82,0.44610293048893657,0.9587091547394004,0.9288125334636963,0.6027221366204417,0.6782977265915999,0.7024060426141685,0.5890229131754907,71002,3058,49540,39899,0.8585310332416014,0.8735997872319208,0.15257531756726536,0.014581453209153465
0.821,0.44610293048893657,0.9587091547394004,0.9288125334636963,0.6027221366204417,0.6782977265915999,0.7024060426141685,0.5890229131754907,71002,3058,49540,39899,0.8585310332416014,0.8735997872319208,0.15257531756726536,0.014581453209153465
0.822,0.44610293048893657,0.9587091547394004,0.9288125334636963,0.6027221366204417,0.6782977265915999,0.7024060426141685,0.5890229131754907,71002,3058,49540,39899,0.8585310332416014,0.8735997872319208,0.15257531756726536,0.014581453209153465
0.823,0.44610293048893657,0.9587091547394004,0.9288125334636963,0.6027221366204417,0.6782977265915999,0.7024060426141685,0.5890229131754907,71002,3058,49540,39899,0.8585310332416014,0.8735997872319208,0.15257531756726536,0.014581453209153465
0.824,0.445912856807433,0.9587496624358628,0.9288492442415632,0.6025563546262162,0.6782120991565698,0.7023312596216479,0.5889500837743236,71005,3055,49557,39882,0.8585310332416014,0.8735997872319208,0.15257531756726536,0.014581453209153465
0.825,0.445912856807433,0.9587496624358628,0.9288492442415632,0.6025563546262162,0.6782120991565698,0.7023312596216479,0.5889500837743236,71005,3055,49557,39882,0.8585310332416014,0.8735997872319208,0.15257531756726536,0.014581453209153465
0.826,0.44566687910195774,0.9588036726978126,0.9288993498170632,0.6023422742727617,0.6781020067401023,0.7022352758998852,0.5888562709390652,71009,3051,49579,39860,0.8585310332416014,0.8735997872319208,0.15257531756726536,0.014581453209153465
0.827,0.44566687910195774,0.9588036726978126,0.9288993498170632,0.6023422742727617,0.6781020067401023,0.7022352758998852,0.5888562709390652,71009,3051,49579,39860,0.8585310332416014,0.8735997872319208,0.15257531756726536,0.014581453209153465
0.828,0.44566687910195774,0.9588036726978126,0.9288993498170632,0.6023422742727617,0.6781020067401023,0.7022352758998852,0.5888562709390652,71009,3051,49579,39860,0.8585310332416014,0.8735997872319208,0.15257531756726536,0.014581453209153465
0.829,0.44566687910195774,0.9588036726978126,0.9288993498170632,0.6023422742727617,0.6781020067401023,0.7022352758998852,0.5888562709390652,71009,3051,49579,39860,0.8585310332416014,0.8735997872319208,0.15257531756726536,0.014581453209153465
0.83,0.44566687910195774,0.9588036726978126,0.9288993498170632,0.6023422742727617,0.6781020067401023,0.7022352758998852,0.5888562709390652,71009,3051,49579,39860,0.8585310332416014,0.8735997872319208,0.15257531756726536,0.014581453209153465
0.831,0.44566687910195774,0.9588036726978126,0.9288993498170632,0.6023422742727617,0.6781020067401023,0.7022352758998852,0.5888562709390652,71009,3051,49579,39860,0.8585310332416014,0.8735997872319208,0.15257531756726536,0.014581453209153465
0.832,0.44566687910195774,0.9588036726978126,0.9288993498170632,0.6023422742727617,0.6781020067401023,0.7022352758998852,0.5888562709390652,71009,3051,49579,39860,0.8585310332416014,0.8735997872319208,0.15257531756726536,0.014581453209153465
0.833,0.44566687910195774,0.9588036726978126,0.9288993498170632,0.6023422742727617,0.6781020067401023,0.7022352758998852,0.5888562709390652,71009,3051,49579,39860,0.8585310332416014,0.8735997872319208,0.15257531756726536,0.014581453209153465
0.834,0.44566687910195774,0.9588036726978126,0.9288993498170632,0.6023422742727617,0.6781020067401023,0.7022352758998852,0.5888562709390652,71009,3051,49579,39860,0.8585310332416014,0.8735997872319208,0.15257531756726536,0.014581453209153465
0.835,0.44566687910195774,0.9588036726978126,0.9288993498170632,0.6023422742727617,0.6781020067401023,0.7022352758998852,0.5888562709390652,71009,3051,49579,39860,0.8585310332416014,0.8735997872319208,0.15257531756726536,0.014581453209153465
0.836,0.44566687910195774,0.9588036726978126,0.9288993498170632,0.6023422742727617,0.6781020067401023,0.7022352758998852,0.5888562709390652,71009,3051,49579,39860,0.8585310332416014,0.8735997872319208,0.15257531756726536,0.014581453209153465
0.837,0.44566687910195774,0.9588036726978126,0.9288993498170632,0.6023422742727617,0.6781020067401023,0.7022352758998852,0.5888562709390652,71009,3051,49579,39860,0.8585310332416014,0.8735997872319208,0.15257531756726536,0.014581453209153465
0.838,0.44566687910195774,0.9588036726978126,0.9288993498170632,0.6023422742727617,0.6781020067401023,0.7022352758998852,0.5888562709390652,71009,3051,49579,39860,0.8585310332416014,0.8735997872319208,0.15257531756726536,0.014581453209153465
0.839,0.39635952995896645,0.9702133405347015,0.9414170384533673,0.55785042684606,0.656297592034202,0.683286435246834,0.5709813020986467,71854,2206,53989,35450,0.8585310332416014,0.8735997872319208,0.15257531756726536,0.014581453209153465
0.84,0.39635952995896645,0.9702133405347015,0.9414170384533673,0.55785042684606,0.656297592034202,0.683286435246834,0.5709813020986467,71854,2206,53989,35450,0.8585310332416014,0.8735997872319208,0.15257531756726536,0.014581453209153465
0.841,0.39635952995896645,0.9702133405347015,0.9414170384533673,0.55785042684606,0.656297592034202,0.683286435246834,0.5709813020986467,71854,2206,53989,35450,0.8585310332416014,0.8735997872319208,0.15257531756726536,0.014581453209153465
0.842,0.39635952995896645,0.9702133405347015,0.9414170384533673,0.55785042684606,0.656297592034202,0.683286435246834,0.5709813020986467,71854,2206,53989,35450,0.8585310332416014,0.8735997872319208,0.15257531756726536,0.014581453209153465
0.843,0.3891255492570355,0.9713205509046718,0.9424811113819157,0.5508285456531029,0.6528419134061982,0.6802230500808537,0.5683405492525994,71936,2124,54636,34803,0.8585310332416014,0.8735997872319208,0.15257531756726536,0.014581453209153465
0.844,0.3891255492570355,0.9713205509046718,0.9424811113819157,0.5508285456531029,0.6528419134061982,0.6802230500808537,0.5683405492525994,71936,2124,54636,34803,0.8585310332416014,0.8735997872319208,0.15257531756726536,0.014581453209153465
0.845,0.3891255492570355,0.9713205509046718,0.9424811113819157,0.5508285456531029,0.6528419134061982,0.6802230500808537,0.5683405492525994,71936,2124,54636,34803,0.8585310332416014,0.8735997872319208,0.15257531756726536,0.014581453209153465
0.846,0.3891255492570355,0.9713205509046718,0.9424811113819157,0.5508285456531029,0.6528419134061982,0.6802230500808537,0.5683405492525994,71936,2124,54636,34803,0.8585310332416014,0.8735997872319208,0.15257531756726536,0.014581453209153465
0.847,0.3891255492570355,0.9713205509046718,0.9424811113819157,0.5508285456531029,0.6528419134061982,0.6802230500808537,0.5683405492525994,71936,2124,54636,34803,0.8585310332416014,0.8735997872319208,0.15257531756726536,0.014581453209153465
0.848,0.3891255492570355,0.9713205509046718,0.9424811113819157,0.5508285456531029,0.6528419134061982,0.6802230500808537,0.5683405492525994,71936,2124,54636,34803,0.8585310332416014,0.8735997872319208,0.15257531756726536,0.014581453209153465
0.849,0.3891143684522412,0.9713205509046718,0.9424795537019985,0.550817077513552,0.652835797160839,0.6802174596784565,0.5683360590331271,71936,2124,54637,34802,0.8585310332416014,0.8735997872319208,0.15257531756726536,0.014581453209153465
0.85,0.3891143684522412,0.9713205509046718,0.9424795537019985,0.550817077513552,0.652835797160839,0.6802174596784565,0.5683360590331271,71936,2124,54637,34802,0.8585310332416014,0.8735997872319208,0.15257531756726536,0.014581453209153465
0.851,0.3891143684522412,0.9713205509046718,0.9424795537019985,0.550817077513552,0.652835797160839,0.6802174596784565,0.5683360590331271,71936,2124,54637,34802,0.8585310332416014,0.8735997872319208,0.15257531756726536,0.014581453209153465
0.852,0.3891143684522412,0.9713205509046718,0.9424795537019985,0.550817077513552,0.652835797160839,0.6802174596784565,0.5683360590331271,71936,2124,54637,34802,0.8585310332416014,0.8735997872319208,0.15257531756726536,0.014581453209153465
0.853,0.3891143684522412,0.9713205509046718,0.9424795537019985,0.550817077513552,0.652835797160839,0.6802174596784565,0.5683360590331271,71936,2124,54637,34802,0.8585310332416014,0.8735997872319208,0.15257531756726536,0.014581453209153465
0.854,0.3891143684522412,0.9713205509046718,0.9424795537019985,0.550817077513552,0.652835797160839,0.6802174596784565,0.5683360590331271,71936,2124,54637,34802,0.8585310332416014,0.8735997872319208,0.15257531756726536,0.014581453209153465
0.855,0.3891143684522412,0.9713205509046718,0.9424795537019985,0.550817077513552,0.652835797160839,0.6802174596784565,0.5683360590331271,71936,2124,54637,34802,0.8585310332416014,0.8735997872319208,0.15257531756726536,0.014581453209153465
0.856,0.3891143684522412,0.9713205509046718,0.9424795537019985,0.550817077513552,0.652835797160839,0.6802174596784565,0.5683360590331271,71936,2124,54637,34802,0.8585310332416014,0.8735997872319208,0.15257531756726536,0.014581453209153465
0.857,0.3891143684522412,0.9713205509046718,0.9424795537019985,0.550817077513552,0.652835797160839,0.6802174596784565,0.5683360590331271,71936,2124,54637,34802,0.8585310332416014,0.8735997872319208,0.15257531756726536,0.014581453209153465
0.858,0.3891143684522412,0.9713205509046718,0.9424795537019985,0.550817077513552,0.652835797160839,0.6802174596784565,0.5683360590331271,71936,2124,54637,34802,0.8585310332416014,0.8735997872319208,0.15257531756726536,0.014581453209153465
0.859,0.3891143684522412,0.9713205509046718,0.9424795537019985,0.550817077513552,0.652835797160839,0.6802174596784565,0.5683360590331271,71936,2124,54637,34802,0.8585310332416014,0.8735997872319208,0.15257531756726536,0.014581453209153465
0.86,0.3891143684522412,0.9713205509046718,0.9424795537019985,0.550817077513552,0.652835797160839,0.6802174596784565,0.5683360590331271,71936,2124,54637,34802,0.8585310332416014,0.8735997872319208,0.15257531756726536,0.014581453209153465
0.861,0.3891143684522412,0.9713205509046718,0.9424795537019985,0.550817077513552,0.652835797160839,0.6802174596784565,0.5683360590331271,71936,2124,54637,34802,0.8585310332416014,0.8735997872319208,0.15257531756726536,0.014581453209153465
0.862,0.3891143684522412,0.9713205509046718,0.9424795537019985,0.550817077513552,0.652835797160839,0.6802174596784565,0.5683360590331271,71936,2124,54637,34802,0.8585310332416014,0.8735997872319208,0.15257531756726536,0.014581453209153465
0.863,0.3891143684522412,0.9713205509046718,0.9424795537019985,0.550817077513552,0.652835797160839,0.6802174596784565,0.5683360590331271,71936,2124,54637,34802,0.8585310332416014,0.8735997872319208,0.15257531756726536,0.014581453209153465
0.864,0.3891143684522412,0.9713205509046718,0.9424795537019985,0.550817077513552,0.652835797160839,0.6802174596784565,0.5683360590331271,71936,2124,54637,34802,0.8585310332416014,0.8735997872319208,0.15257531756726536,0.014581453209153465
0.865,0.3891143684522412,0.9713205509046718,0.9424795537019985,0.550817077513552,0.652835797160839,0.6802174596784565,0.5683360590331271,71936,2124,54637,34802,0.8585310332416014,0.8735997872319208,0.15257531756726536,0.014581453209153465
0.866,0.3891143684522412,0.9713205509046718,0.9424795537019985,0.550817077513552,0.652835797160839,0.6802174596784565,0.5683360590331271,71936,2124,54637,34802,0.8585310332416014,0.8735997872319208,0.15257531756726536,0.014581453209153465
0.867,0.3891143684522412,0.9713205509046718,0.9424795537019985,0.550817077513552,0.652835797160839,0.6802174596784565,0.5683360590331271,71936,2124,54637,34802,0.8585310332416014,0.8735997872319208,0.15257531756726536,0.014581453209153465
0.868,0.3891143684522412,0.9713205509046718,0.9424795537019985,0.550817077513552,0.652835797160839,0.6802174596784565,0.5683360590331271,71936,2124,54637,34802,0.8585310332416014,0.8735997872319208,0.15257531756726536,0.014581453209153465
0.869,0.3891143684522412,0.9713205509046718,0.9424795537019985,0.550817077513552,0.652835797160839,0.6802174596784565,0.5683360590331271,71936,2124,54637,34802,0.8585310332416014,0.8735997872319208,0.15257531756726536,0.014581453209153465
0.87,0.3891143684522412,0.9713205509046718,0.9424795537019985,0.550817077513552,0.652835797160839,0.6802174596784565,0.5683360590331271,71936,2124,54637,34802,0.8585310332416014,0.8735997872319208,0.15257531756726536,0.014581453209153465
0.871,0.3891143684522412,0.9713205509046718,0.9424795537019985,0.550817077513552,0.652835797160839,0.6802174596784565,0.5683360590331271,71936,2124,54637,34802,0.8585310332416014,0.8735997872319208,0.15257531756726536,0.014581453209153465
0.872,0.3891143684522412,0.9713205509046718,0.9424795537019985,0.550817077513552,0.652835797160839,0.6802174596784565,0.5683360590331271,71936,2124,54637,34802,0.8585310332416014,0.8735997872319208,0.15257531756726536,0.014581453209153465
0.873,0.3891143684522412,0.9713205509046718,0.9424795537019985,0.550817077513552,0.652835797160839,0.6802174596784565,0.5683360590331271,71936,2124,54637,34802,0.8585310332416014,0.8735997872319208,0.15257531756726536,0.014581453209153465
0.874,0.3891143684522412,0.9713205509046718,0.9424795537019985,0.550817077513552,0.652835797160839,0.6802174596784565,0.5683360590331271,71936,2124,54637,34802,0.8585310332416014,0.8735997872319208,0.15257531756726536,0.014581453209153465
0.875,0.3891143684522412,0.9713205509046718,0.9424795537019985,0.550817077513552,0.652835797160839,0.6802174596784565,0.5683360590331271,71936,2124,54637,34802,0.8585310332416014,0.8735997872319208,0.15257531756726536,0.014581453209153465
0.876,0.3891143684522412,0.9713205509046718,0.9424795537019985,0.550817077513552,0.652835797160839,0.6802174596784565,0.5683360590331271,71936,2124,54637,34802,0.8585310332416014,0.8735997872319208,0.15257531756726536,0.014581453209153465
0.877,0.3891143684522412,0.9713205509046718,0.9424795537019985,0.550817077513552,0.652835797160839,0.6802174596784565,0.5683360590331271,71936,2124,54637,34802,0.8585310332416014,0.8735997872319208,0.15257531756726536,0.014581453209153465
0.878,0.3891143684522412,0.9713205509046718,0.9424795537019985,0.550817077513552,0.652835797160839,0.6802174596784565,0.5683360590331271,71936,2124,54637,34802,0.8585310332416014,0.8735997872319208,0.15257531756726536,0.014581453209153465
0.879,0.3891143684522412,0.9713205509046718,0.9424795537019985,0.550817077513552,0.652835797160839,0.6802174596784565,0.5683360590331271,71936,2124,54637,34802,0.8585310332416014,0.8735997872319208,0.15257531756726536,0.014581453209153465
0.88,0.3481478996858194,0.9778017823386443,0.9498505277286315,0.5095360044509536,0.6333616719368315,0.6629748410122318,0.5539906821606984,72416,1644,58301,31138,0.8585310332416014,0.8735997872319208,0.15257531756726536,0.014581453209153465
0.881,0.3481478996858194,0.9778017823386443,0.9498505277286315,0.5095360044509536,0.6333616719368315,0.6629748410122318,0.5539906821606984,72416,1644,58301,31138,0.8585310332416014,0.8735997872319208,0.15257531756726536,0.014581453209153465
0.882,0.3481478996858194,0.9778017823386443,0.9498505277286315,0.5095360044509536,0.6333616719368315,0.6629748410122318,0.5539906821606984,72416,1644,58301,31138,0.8585310332416014,0.8735997872319208,0.15257531756726536,0.014581453209153465
0.883,0.3481478996858194,0.9778017823386443,0.9498505277286315,0.5095360044509536,0.6333616719368315,0.6629748410122318,0.5539906821606984,72416,1644,58301,31138,0.8585310332416014,0.8735997872319208,0.15257531756726536,0.014581453209153465
0.884,0.3481478996858194,0.9778017823386443,0.9498505277286315,0.5095360044509536,0.6333616719368315,0.6629748410122318,0.5539906821606984,72416,1644,58301,31138,0.8585310332416014,0.8735997872319208,0.15257531756726536,0.014581453209153465
0.885,0.3481478996858194,0.9778017823386443,0.9498505277286315,0.5095360044509536,0.6333616719368315,0.6629748410122318,0.5539906821606984,72416,1644,58301,31138,0.8585310332416014,0.8735997872319208,0.15257531756726536,0.014581453209153465
0.886,0.3481478996858194,0.9778017823386443,0.9498505277286315,0.5095360044509536,0.6333616719368315,0.6629748410122318,0.5539906821606984,72416,1644,58301,31138,0.8585310332416014,0.8735997872319208,0.15257531756726536,0.014581453209153465
0.887,0.3481478996858194,0.9778017823386443,0.9498505277286315,0.5095360044509536,0.6333616719368315,0.6629748410122318,0.5539906821606984,72416,1644,58301,31138,0.8585310332416014,0.8735997872319208,0.15257531756726536,0.014581453209153465
0.888,0.3481478996858194,0.9778017823386443,0.9498505277286315,0.5095360044509536,0.6333616719368315,0.6629748410122318,0.5539906821606984,72416,1644,58301,31138,0.8585310332416014,0.8735997872319208,0.15257531756726536,0.014581453209153465
0.889,0.3481478996858194,0.9778017823386443,0.9498505277286315,0.5095360044509536,0.6333616719368315,0.6629748410122318,0.5539906821606984,72416,1644,58301,31138,0.8585310332416014,0.8735997872319208,0.15257531756726536,0.014581453209153465
0.89,0.3481478996858194,0.9778017823386443,0.9498505277286315,0.5095360044509536,0.6333616719368315,0.6629748410122318,0.5539906821606984,72416,1644,58301,31138,0.8585310332416014,0.8735997872319208,0.15257531756726536,0.014581453209153465
0.891,0.3481478996858194,0.9778017823386443,0.9498505277286315,0.5095360044509536,0.6333616719368315,0.6629748410122318,0.5539906821606984,72416,1644,58301,31138,0.8585310332416014,0.8735997872319208,0.15257531756726536,0.014581453209153465
0.892,0.3481478996858194,0.9778017823386443,0.9498505277286315,0.5095360044509536,0.6333616719368315,0.6629748410122318,0.5539906821606984,72416,1644,58301,31138,0.8585310332416014,0.8735997872319208,0.15257531756726536,0.014581453209153465
0.893,0.3481478996858194,0.9778017823386443,0.9498505277286315,0.5095360044509536,0.6333616719368315,0.6629748410122318,0.5539906821606984,72416,1644,58301,31138,0.8585310332416014,0.8735997872319208,0.15257531756726536,0.014581453209153465
0.894,0.28392535694719306,0.9859708344585472,0.9606930730526236,0.4383112399889533,0.6019302870353948,0.6349480957028701,0.5327433499190171,73021,1039,64045,25394,0.8585310332416014,0.8735997872319208,0.15257531756726536,0.014581453209153465
0.895,0.28392535694719306,0.9859708344585472,0.9606930730526236,0.4383112399889533,0.6019302870353948,0.6349480957028701,0.5327433499190171,73021,1039,64045,25394,0.8585310332416014,0.8735997872319208,0.15257531756726536,0.014581453209153465
0.896,0.28392535694719306,0.9859708344585472,0.9606930730526236,0.4383112399889533,0.6019302870353948,0.6349480957028701,0.5327433499190171,73021,1039,64045,25394,0.8585310332416014,0.8735997872319208,0.15257531756726536,0.014581453209153465
0.897,0.28392535694719306,0.9859708344585472,0.9606930730526236,0.4383112399889533,0.6019302870353948,0.6349480957028701,0.5327433499190171,73021,1039,64045,25394,0.8585310332416014,0.8735997872319208,0.15257531756726536,0.014581453209153465
0.898,0.28392535694719306,0.9859708344585472,0.9606930730526236,0.4383112399889533,0.6019302870353948,0.6349480957028701,0.5327433499190171,73021,1039,64045,25394,0.8585310332416014,0.8735997872319208,0.15257531756726536,0.014581453209153465
0.899,0.28392535694719306,0.9859708344585472,0.9606930730526236,0.4383112399889533,0.6019302870353948,0.6349480957028701,0.5327433499190171,73021,1039,64045,25394,0.8585310332416014,0.8735997872319208,0.15257531756726536,0.014581453209153465
0.9,0.28392535694719306,0.9859708344585472,0.9606930730526236,0.4383112399889533,0.6019302870353948,0.6349480957028701,0.5327433499190171,73021,1039,64045,25394,0.8585310332416014,0.8735997872319208,0.15257531756726536,0.014581453209153465
0.901,0.28392535694719306,0.9859708344585472,0.9606930730526236,0.4383112399889533,0.6019302870353948,0.6349480957028701,0.5327433499190171,73021,1039,64045,25394,0.8585310332416014,0.8735997872319208,0.15257531756726536,0.014581453209153465
0.902,0.28392535694719306,0.9859708344585472,0.9606930730526236,0.4383112399889533,0.6019302870353948,0.6349480957028701,0.5327433499190171,73021,1039,64045,25394,0.8585310332416014,0.8735997872319208,0.15257531756726536,0.014581453209153465
0.903,0.28392535694719306,0.9859708344585472,0.9606930730526236,0.4383112399889533,0.6019302870353948,0.6349480957028701,0.5327433499190171,73021,1039,64045,25394,0.8585310332416014,0.8735997872319208,0.15257531756726536,0.014581453209153465
0.904,0.28392535694719306,0.9859708344585472,0.9606930730526236,0.4383112399889533,0.6019302870353948,0.6349480957028701,0.5327433499190171,73021,1039,64045,25394,0.8585310332416014,0.8735997872319208,0.15257531756726536,0.014581453209153465
0.905,0.2828631804917318,0.9861733729408587,0.961098658967443,0.43708643596344227,0.6014409874066508,0.6345182767162952,0.5324254971715169,73036,1024,64140,25299,0.8585310332416014,0.8735997872319208,0.15257531756726536,0.014581453209153465
0.906,0.2828631804917318,0.9861733729408587,0.961098658967443,0.43708643596344227,0.6014409874066508,0.6345182767162952,0.5324254971715169,73036,1024,64140,25299,0.8585310332416014,0.8735997872319208,0.15257531756726536,0.014581453209153465
0.907,0.2828631804917318,0.9861733729408587,0.961098658967443,0.43708643596344227,0.6014409874066508,0.6345182767162952,0.5324254971715169,73036,1024,64140,25299,0.8585310332416014,0.8735997872319208,0.15257531756726536,0.014581453209153465
0.908,0.2828631804917318,0.9861733729408587,0.961098658967443,0.43708643596344227,0.6014409874066508,0.6345182767162952,0.5324254971715169,73036,1024,64140,25299,0.8585310332416014,0.8735997872319208,0.15257531756726536,0.014581453209153465
0.909,0.2828631804917318,0.9861733729408587,0.961098658967443,0.43708643596344227,0.6014409874066508,0.6345182767162952,0.5324254971715169,73036,1024,64140,25299,0.8585310332416014,0.8735997872319208,0.15257531756726536,0.014581453209153465
0.91,0.28280727646776016,0.9861733729408587,0.96109126833346,0.43701892758105343,0.6014104061798543,0.6344903247043094,0.5324060912225453,73036,1024,64145,25294,0.8585310332416014,0.8735997872319208,0.15257531756726536,0.014581453209153465
0.911,0.28280727646776016,0.9861733729408587,0.96109126833346,0.43701892758105343,0.6014104061798543,0.6344903247043094,0.5324060912225453,73036,1024,64145,25294,0.8585310332416014,0.8735997872319208,0.15257531756726536,0.014581453209153465
0.912,0.28280727646776016,0.9861733729408587,0.96109126833346,0.43701892758105343,0.6014104061798543,0.6344903247043094,0.5324060912225453,73036,1024,64145,25294,0.8585310332416014,0.8735997872319208,0.15257531756726536,0.014581453209153465
0.913,0.28280727646776016,0.9861733729408587,0.96109126833346,0.43701892758105343,0.6014104061798543,0.6344903247043094,0.5324060912225453,73036,1024,64145,25294,0.8585310332416014,0.8735997872319208,0.15257531756726536,0.014581453209153465
0.914,0.2560404297901363,0.9884553065082365,0.9640075773521364,0.40461508560524406,0.5878017602554144,0.6222478681491864,0.5238507556675063,73205,855,66539,22900,0.8585310332416014,0.8735997872319208,0.15257531756726536,0.014581453209153465
0.915,0.2560404297901363,0.9884553065082365,0.9640075773521364,0.40461508560524406,0.5878017602554144,0.6222478681491864,0.5238507556675063,73205,855,66539,22900,0.8585310332416014,0.8735997872319208,0.15257531756726536,0.014581453209153465
0.916,0.2560404297901363,0.9884553065082365,0.9640075773521364,0.40461508560524406,0.5878017602554144,0.6222478681491864,0.5238507556675063,73205,855,66539,22900,0.8585310332416014,0.8735997872319208,0.15257531756726536,0.014581453209153465
0.917,0.2560404297901363,0.9884553065082365,0.9640075773521364,0.40461508560524406,0.5878017602554144,0.6222478681491864,0.5238507556675063,73205,855,66539,22900,0.8585310332416014,0.8735997872319208,0.15257531756726536,0.014581453209153465
0.918,0.2560404297901363,0.9884553065082365,0.9640075773521364,0.40461508560524406,0.5878017602554144,0.6222478681491864,0.5238507556675063,73205,855,66539,22900,0.8585310332416014,0.8735997872319208,0.15257531756726536,0.014581453209153465
0.919,0.2560404297901363,0.9884553065082365,0.9640075773521364,0.40461508560524406,0.5878017602554144,0.6222478681491864,0.5238507556675063,73205,855,66539,22900,0.8585310332416014,0.8735997872319208,0.15257531756726536,0.014581453209153465
0.92,0.20176880331846286,0.9929651633810423,0.9719394624872085,0.33416662037294226,0.5601563312313836,0.5973669833497526,0.5074034719730632,73539,521,71393,18046,0.8585310332416014,0.8735997872319208,0.15257531756726536,0.014581453209153465
0.921,0.20176880331846286,0.9929651633810423,0.9719394624872085,0.33416662037294226,0.5601563312313836,0.5973669833497526,0.5074034719730632,73539,521,71393,18046,0.8585310332416014,0.8735997872319208,0.15257531756726536,0.014581453209153465
0.922,0.20176880331846286,0.9929651633810423,0.9719394624872085,0.33416662037294226,0.5601563312313836,0.5973669833497526,0.5074034719730632,73539,521,71393,18046,0.8585310332416014,0.8735997872319208,0.15257531756726536,0.014581453209153465
0.923,0.20176880331846286,0.9929651633810423,0.9719394624872085,0.33416662037294226,0.5601563312313836,0.5973669833497526,0.5074034719730632,73539,521,71393,18046,0.8585310332416014,0.8735997872319208,0.15257531756726536,0.014581453209153465
0.924,0.20176880331846286,0.9929651633810423,0.9719394624872085,0.33416662037294226,0.5601563312313836,0.5973669833497526,0.5074034719730632,73539,521,71393,18046,0.8585310332416014,0.8735997872319208,0.15257531756726536,0.014581453209153465
0.925,0.20176880331846286,0.9929651633810423,0.9719394624872085,0.33416662037294226,0.5601563312313836,0.5973669833497526,0.5074034719730632,73539,521,71393,18046,0.8585310332416014,0.8735997872319208,0.15257531756726536,0.014581453209153465
0.926,0.20176880331846286,0.9929651633810423,0.9719394624872085,0.33416662037294226,0.5601563312313836,0.5973669833497526,0.5074034719730632,73539,521,71393,18046,0.8585310332416014,0.8735997872319208,0.15257531756726536,0.014581453209153465
0.927,0.20176880331846286,0.9929651633810423,0.9719394624872085,0.33416662037294226,0.5601563312313836,0.5973669833497526,0.5074034719730632,73539,521,71393,18046,0.8585310332416014,0.8735997872319208,0.15257531756726536,0.014581453209153465
0.928,0.20176880331846286,0.9929651633810423,0.9719394624872085,0.33416662037294226,0.5601563312313836,0.5973669833497526,0.5074034719730632,73539,521,71393,18046,0.8585310332416014,0.8735997872319208,0.15257531756726536,0.014581453209153465
0.929,0.20176880331846286,0.9929651633810423,0.9719394624872085,0.33416662037294226,0.5601563312313836,0.5973669833497526,0.5074034719730632,73539,521,71393,18046,0.8585310332416014,0.8735997872319208,0.15257531756726536,0.014581453209153465
0.93,0.20176880331846286,0.9929651633810423,0.9719394624872085,0.33416662037294226,0.5601563312313836,0.5973669833497526,0.5074034719730632,73539,521,71393,18046,0.8585310332416014,0.8735997872319208,0.15257531756726536,0.014581453209153465
0.931,0.1887543465378638,0.993748312179314,0.9733064283655232,0.31618969133952657,0.5533917638639991,0.5912513293585889,0.5035578909916937,73597,463,72557,16882,0.8585310332416014,0.8735997872319208,0.15257531756726536,0.014581453209153465
0.932,0.1887543465378638,0.993748312179314,0.9733064283655232,0.31618969133952657,0.5533917638639991,0.5912513293585889,0.5035578909916937,73597,463,72557,16882,0.8585310332416014,0.8735997872319208,0.15257531756726536,0.014581453209153465
0.933,0.1887543465378638,0.993748312179314,0.9733064283655232,0.31618969133952657,0.5533917638639991,0.5912513293585889,0.5035578909916937,73597,463,72557,16882,0.8585310332416014,0.8735997872319208,0.15257531756726536,0.014581453209153465
0.934,0.1887543465378638,0.993748312179314,0.9733064283655232,0.31618969133952657,0.5533917638639991,0.5912513293585889,0.5035578909916937,73597,463,72557,16882,0.8585310332416014,0.8735997872319208,0.15257531756726536,0.014581453209153465
0.935,0.1887543465378638,0.993748312179314,0.9733064283655232,0.31618969133952657,0.5533917638639991,0.5912513293585889,0.5035578909916937,73597,463,72557,16882,0.8585310332416014,0.8735997872319208,0.15257531756726536,0.014581453209153465
0.936,0.1544851798432451,0.9951120712935457,0.9744692855631568,0.26669111544326274,0.5352632126190374,0.5747986255683954,0.4935574604875435,73698,362,75622,13817,0.8585310332416014,0.8735997872319208,0.15257531756726536,0.014581453209153465
0.937,0.1544851798432451,0.9951120712935457,0.9744692855631568,0.26669111544326274,0.5352632126190374,0.5747986255683954,0.4935574604875435,73698,362,75622,13817,0.8585310332416014,0.8735997872319208,0.15257531756726536,0.014581453209153465
0.938,0.1544851798432451,0.9951120712935457,0.9744692855631568,0.26669111544326274,0.5352632126190374,0.5747986255683954,0.4935574604875435,73698,362,75622,13817,0.8585310332416014,0.8735997872319208,0.15257531756726536,0.014581453209153465
0.939,0.1544851798432451,0.9951120712935457,0.9744692855631568,0.26669111544326274,0.5352632126190374,0.5747986255683954,0.4935574604875435,73698,362,75622,13817,0.8585310332416014,0.8735997872319208,0.15257531756726536,0.014581453209153465
0.94,0.1544851798432451,0.9951120712935457,0.9744692855631568,0.26669111544326274,0.5352632126190374,0.5747986255683954,0.4935574604875435,73698,362,75622,13817,0.8585310332416014,0.8735997872319208,0.15257531756726536,0.014581453209153465
0.941,0.1544851798432451,0.9951120712935457,0.9744692855631568,0.26669111544326274,0.5352632126190374,0.5747986255683954,0.4935574604875435,73698,362,75622,13817,0.8585310332416014,0.8735997872319208,0.15257531756726536,0.014581453209153465
0.942,0.1544851798432451,0.9951120712935457,0.9744692855631568,0.26669111544326274,0.5352632126190374,0.5747986255683954,0.4935574604875435,73698,362,75622,13817,0.8585310332416014,0.8735997872319208,0.15257531756726536,0.014581453209153465
0.943,0.1544851798432451,0.9951120712935457,0.9744692855631568,0.26669111544326274,0.5352632126190374,0.5747986255683954,0.4935574604875435,73698,362,75622,13817,0.8585310332416014,0.8735997872319208,0.15257531756726536,0.014581453209153465
0.944,0.1544851798432451,0.9951120712935457,0.9744692855631568,0.26669111544326274,0.5352632126190374,0.5747986255683954,0.4935574604875435,73698,362,75622,13817,0.8585310332416014,0.8735997872319208,0.15257531756726536,0.014581453209153465
0.945,0.1544851798432451,0.9951120712935457,0.9744692855631568,0.26669111544326274,0.5352632126190374,0.5747986255683954,0.4935574604875435,73698,362,75622,13817,0.8585310332416014,0.8735997872319208,0.15257531756726536,0.014581453209153465
0.946,0.1544851798432451,0.9951120712935457,0.9744692855631568,0.26669111544326274,0.5352632126190374,0.5747986255683954,0.4935574604875435,73698,362,75622,13817,0.8585310332416014,0.8735997872319208,0.15257531756726536,0.014581453209153465
0.947,0.1544739990384508,0.9951120712935457,0.9744674848356609,0.2666743874074718,0.5352570963736781,0.5747930351659982,0.49355415514227735,73698,362,75623,13816,0.8585310332416014,0.8735997872319208,0.15257531756726536,0.014581453209153465
0.948,0.14499267657285972,0.9955711585201188,0.9753309265944645,0.2524553462792622,0.5302784726512089,0.5702819175464893,0.49088233923423635,73732,328,76471,12968,0.8585310332416014,0.8735997872319208,0.15257531756726536,0.014581453209153465
0.949,0.14498149576806538,0.9955711585201188,0.9753290710793532,0.2524383358965873,0.5302723564058496,0.570276327144092,0.49087907112992996,73732,328,76472,12967,0.8585310332416014,0.8735997872319208,0.15257531756726536,0.014581453209153465
0.95,0.14498149576806538,0.9955711585201188,0.9753290710793532,0.2524383358965873,0.5302723564058496,0.570276327144092,0.49087907112992996,73732,328,76472,12967,0.8585310332416014,0.8735997872319208,0.15257531756726536,0.014581453209153465
0.951,0.14498149576806538,0.9955711585201188,0.9753290710793532,0.2524383358965873,0.5302723564058496,0.570276327144092,0.49087907112992996,73732,328,76472,12967,0.8585310332416014,0.8735997872319208,0.15257531756726536,0.014581453209153465
0.952,0.14498149576806538,0.9955711585201188,0.9753290710793532,0.2524383358965873,0.5302723564058496,0.570276327144092,0.49087907112992996,73732,328,76472,12967,0.8585310332416014,0.8735997872319208,0.15257531756726536,0.014581453209153465
0.953,0.14498149576806538,0.9955711585201188,0.9753290710793532,0.2524383358965873,0.5302723564058496,0.570276327144092,0.49087907112992996,73732,328,76472,12967,0.8585310332416014,0.8735997872319208,0.15257531756726536,0.014581453209153465
0.954,0.14498149576806538,0.9955711585201188,0.9753290710793532,0.2524383358965873,0.5302723564058496,0.570276327144092,0.49087907112992996,73732,328,76472,12967,0.8585310332416014,0.8735997872319208,0.15257531756726536,0.014581453209153465
0.955,0.14498149576806538,0.9955711585201188,0.9753290710793532,0.2524383358965873,0.5302723564058496,0.570276327144092,0.49087907112992996,73732,328,76472,12967,0.8585310332416014,0.8735997872319208,0.15257531756726536,0.014581453209153465
0.956,0.14498149576806538,0.9955711585201188,0.9753290710793532,0.2524383358965873,0.5302723564058496,0.570276327144092,0.49087907112992996,73732,328,76472,12967,0.8585310332416014,0.8735997872319208,0.15257531756726536,0.014581453209153465
0.957,0.14498149576806538,0.9955711585201188,0.9753290710793532,0.2524383358965873,0.5302723564058496,0.570276327144092,0.49087907112992996,73732,328,76472,12967,0.8585310332416014,0.8735997872319208,0.15257531756726536,0.014581453209153465
0.958,0.14497031496327106,0.9955711585201188,0.975327215285091,0.25242132518275534,0.5302662401604903,0.5702707367416949,0.49087580306913886,73732,328,76473,12966,0.8585310332416014,0.8735997872319208,0.15257531756726536,0.014581453209153465
0.959,0.14416529701807937,0.9955981636510937,0.975340393343419,0.25120057666643936,0.5298381029853394,0.5698817303345866,0.4906473958437307,73734,326,76545,12894,0.8585310332416014,0.8735997872319208,0.15257531756726536,0.014581453209153465
0.96,0.08713201176220664,0.9979206049149338,0.9806216182207123,0.16004353808555644,0.4996911296093554,0.5425263083385703,0.4751208599053693,73906,154,81646,7793,0.8585310332416014,0.8735997872319208,0.15257531756726536,0.014581453209153465
0.961,0.08713201176220664,0.9979206049149338,0.9806216182207123,0.16004353808555644,0.4996911296093554,0.5425263083385703,0.4751208599053693,73906,154,81646,7793,0.8585310332416014,0.8735997872319208,0.15257531756726536,0.014581453209153465
0.962,0.08713201176220664,0.9979206049149338,0.9806216182207123,0.16004353808555644,0.4996911296093554,0.5425263083385703,0.4751208599053693,73906,154,81646,7793,0.8585310332416014,0.8735997872319208,0.15257531756726536,0.014581453209153465
0.963,0.08713201176220664,0.9979206049149338,0.9806216182207123,0.16004353808555644,0.4996911296093554,0.5425263083385703,0.4751208599053693,73906,154,81646,7793,0.8585310332416014,0.8735997872319208,0.15257531756726536,0.014581453209153465
0.964,0.08712083095741231,0.9979206049149338,0.9806191794613642,0.16002464445243106,0.4996850133639961,0.5425207179361731,0.47511780550680477,73906,154,81647,7792,0.8585310332416014,0.8735997872319208,0.15257531756726536,0.014581453209153465
0.965,0.08712083095741231,0.9979206049149338,0.9806191794613642,0.16002464445243106,0.4996850133639961,0.5425207179361731,0.47511780550680477,73906,154,81647,7792,0.8585310332416014,0.8735997872319208,0.15257531756726536,0.014581453209153465
0.966,0.08712083095741231,0.9979206049149338,0.9806191794613642,0.16002464445243106,0.4996850133639961,0.5425207179361731,0.47511780550680477,73906,154,81647,7792,0.8585310332416014,0.8735997872319208,0.15257531756726536,0.014581453209153465
0.967,0.08712083095741231,0.9979206049149338,0.9806191794613642,0.16002464445243106,0.4996850133639961,0.5425207179361731,0.47511780550680477,73906,154,81647,7792,0.8585310332416014,0.8735997872319208,0.15257531756726536,0.014581453209153465
0.968,0.08710965015261798,0.9979206049149338,0.9806167400881057,0.16000575043128235,0.49967889711863683,0.542515127533776,0.47511475114751145,73906,154,81648,7791,0.8585310332416014,0.8735997872319208,0.15257531756726536,0.014581453209153465
0.969,0.08710965015261798,0.9979206049149338,0.9806167400881057,0.16000575043128235,0.49967889711863683,0.542515127533776,0.47511475114751145,73906,154,81648,7791,0.8585310332416014,0.8735997872319208,0.15257531756726536,0.014581453209153465
0.97,0.08710965015261798,0.9979206049149338,0.9806167400881057,0.16000575043128235,0.49967889711863683,0.542515127533776,0.47511475114751145,73906,154,81648,7791,0.8585310332416014,0.8735997872319208,0.15257531756726536,0.014581453209153465
0.971,0.06745379532418744,0.9987172562786929,0.9844973890339426,0.1262569715487564,0.48928739625318807,0.5330855258014402,0.47000400327887604,73965,95,83406,6033,0.8585310332416014,0.8735997872319208,0.15257531756726536,0.014581453209153465
0.972,0.06745379532418744,0.9987172562786929,0.9844973890339426,0.1262569715487564,0.48928739625318807,0.5330855258014402,0.47000400327887604,73965,95,83406,6033,0.8585310332416014,0.8735997872319208,0.15257531756726536,0.014581453209153465
0.973,0.06745379532418744,0.9987172562786929,0.9844973890339426,0.1262569715487564,0.48928739625318807,0.5330855258014402,0.47000400327887604,73965,95,83406,6033,0.8585310332416014,0.8735997872319208,0.15257531756726536,0.014581453209153465
0.974,0.06745379532418744,0.9987172562786929,0.9844973890339426,0.1262569715487564,0.48928739625318807,0.5330855258014402,0.47000400327887604,73965,95,83406,6033,0.8585310332416014,0.8735997872319208,0.15257531756726536,0.014581453209153465
0.975,0.06745379532418744,0.9987172562786929,0.9844973890339426,0.1262569715487564,0.48928739625318807,0.5330855258014402,0.47000400327887604,73965,95,83406,6033,0.8585310332416014,0.8735997872319208,0.15257531756726536,0.014581453209153465
0.976,0.06745379532418744,0.9987172562786929,0.9844973890339426,0.1262569715487564,0.48928739625318807,0.5330855258014402,0.47000400327887604,73965,95,83406,6033,0.8585310332416014,0.8735997872319208,0.15257531756726536,0.014581453209153465
0.977,0.06745379532418744,0.9987172562786929,0.9844973890339426,0.1262569715487564,0.48928739625318807,0.5330855258014402,0.47000400327887604,73965,95,83406,6033,0.8585310332416014,0.8735997872319208,0.15257531756726536,0.014581453209153465
0.978,0.06745379532418744,0.9987172562786929,0.9844973890339426,0.1262569715487564,0.48928739625318807,0.5330855258014402,0.47000400327887604,73965,95,83406,6033,0.8585310332416014,0.8735997872319208,0.15257531756726536,0.014581453209153465
0.979,0.06745379532418744,0.9987172562786929,0.9844973890339426,0.1262569715487564,0.48928739625318807,0.5330855258014402,0.47000400327887604,73965,95,83406,6033,0.8585310332416014,0.8735997872319208,0.15257531756726536,0.014581453209153465
0.98,0.06745379532418744,0.9987172562786929,0.9844973890339426,0.1262569715487564,0.48928739625318807,0.5330855258014402,0.47000400327887604,73965,95,83406,6033,0.8585310332416014,0.8735997872319208,0.15257531756726536,0.014581453209153465
0.981,0.06745379532418744,0.9987172562786929,0.9844973890339426,0.1262569715487564,0.48928739625318807,0.5330855258014402,0.47000400327887604,73965,95,83406,6033,0.8585310332416014,0.8735997872319208,0.15257531756726536,0.014581453209153465
0.982,0.03732152640347052,0.9995139076424521,0.989330171902786,0.07192957883055176,0.4731649734860764,0.5184177170229612,0.4622888368462139,74024,36,86101,3338,0.8585310332416014,0.8735997872319208,0.15257531756726536,0.014581453209153465
0.983,0.03732152640347052,0.9995139076424521,0.989330171902786,0.07192957883055176,0.4731649734860764,0.5184177170229612,0.4622888368462139,74024,36,86101,3338,0.8585310332416014,0.8735997872319208,0.15257531756726536,0.014581453209153465
0.984,0.03732152640347052,0.9995139076424521,0.989330171902786,0.07192957883055176,0.4731649734860764,0.5184177170229612,0.4622888368462139,74024,36,86101,3338,0.8585310332416014,0.8735997872319208,0.15257531756726536,0.014581453209153465
0.985,0.03732152640347052,0.9995139076424521,0.989330171902786,0.07192957883055176,0.4731649734860764,0.5184177170229612,0.4622888368462139,74024,36,86101,3338,0.8585310332416014,0.8735997872319208,0.15257531756726536,0.014581453209153465
0.986,0.03732152640347052,0.9995139076424521,0.989330171902786,0.07192957883055176,0.4731649734860764,0.5184177170229612,0.4622888368462139,74024,36,86101,3338,0.8585310332416014,0.8735997872319208,0.15257531756726536,0.014581453209153465
0.987,0.017263162602444124,0.9997974615176883,0.9903784477228993,0.03393481175410449,0.4623208704640395,0.5085303120600663,0.4572372483635915,74045,15,87895,1544,0.8585310332416014,0.8735997872319208,0.15257531756726536,0.014581453209153465
0.988,0.017251981797649796,0.9997974615176883,0.9903722721437741,0.03391320592986582,0.46231475421868024,0.508524721657669,0.4572344248831364,74045,15,87896,1543,0.8585310332416014,0.8735997872319208,0.15257531756726536,0.014581453209153465
0.989,0.00618298505126399,0.9999729948690251,0.9963963963963964,0.012289708202769072,0.45633918250264527,0.5030779899601445,0.4544997054202671,74058,2,88886,553,0.8585310332416014,0.8735997872319208,0.15257531756726536,0.014581453209153465
0.99,0.0032200717807667795,0.9999729948690251,0.993103448275862,0.006419329313822732,0.4547183774824311,0.501596533324896,0.45376174108045514,74058,2,89151,288,0.8585310332416014,0.8735997872319208,0.15257531756726536,0.014581453209153465
0.991,0.0032200717807667795,0.9999729948690251,0.993103448275862,0.006419329313822732,0.4547183774824311,0.501596533324896,0.45376174108045514,74058,2,89151,288,0.8585310332416014,0.8735997872319208,0.15257531756726536,0.014581453209153465
0.992,0.0027392971746106284,0.9999729948690251,0.9919028340080972,0.00546350600985661,0.45445537893198124,0.5013561460218179,0.45364222184108005,74058,2,89194,245,0.8585310332416014,0.8735997872319208,0.15257531756726536,0.014581453209153465
0.993,0.0027392971746106284,0.9999729948690251,0.9919028340080972,0.00546350600985661,0.45445537893198124,0.5013561460218179,0.45364222184108005,74058,2,89194,245,0.8585310332416014,0.8735997872319208,0.15257531756726536,0.014581453209153465
0.994,0.0006149442636881003,1.0,1.0,0.0012291326792857624,0.45330552480443304,0.500307472131844,0.4531215584542718,74060,0,89384,55,0.8585310332416014,0.8735997872319208,0.15257531756726536,0.014581453209153465
0.995,0.0006149442636881003,1.0,1.0,0.0012291326792857624,0.45330552480443304,0.500307472131844,0.4531215584542718,74060,0,89384,55,0.8585310332416014,0.8735997872319208,0.15257531756726536,0.014581453209153465
0.996,0.0006149442636881003,1.0,1.0,0.0012291326792857624,0.45330552480443304,0.500307472131844,0.4531215584542718,74060,0,89384,55,0.8585310332416014,0.8735997872319208,0.15257531756726536,0.014581453209153465
0.997,0.0006149442636881003,1.0,1.0,0.0012291326792857624,0.45330552480443304,0.500307472131844,0.4531215584542718,74060,0,89384,55,0.8585310332416014,0.8735997872319208,0.15257531756726536,0.014581453209153465
0.998,0.0006149442636881003,1.0,1.0,0.0012291326792857624,0.45330552480443304,0.500307472131844,0.4531215584542718,74060,0,89384,55,0.8585310332416014,0.8735997872319208,0.15257531756726536,0.014581453209153465
0.999,0.0006149442636881003,1.0,1.0,0.0012291326792857624,0.45330552480443304,0.500307472131844,0.4531215584542718,74060,0,89384,55,0.8585310332416014,0.8735997872319208,0.15257531756726536,0.014581453209153465
1.0,0.0006149442636881003,1.0,1.0,0.0012291326792857624,0.45330552480443304,0.500307472131844,0.4531215584542718,74060,0,89384,55,0.8585310332416014,0.8735997872319208,0.15257531756726536,0.014581453209153465
